location_info,location_href,upload_id,date_text,date_time,date_title,main_text
"Shibuya, Tokyo",https://www.instagram.com/explore/locations/212984894/shibuya-tokyo/,tiny_lp,2020년 8월 8일,2020-08-08T06:42:15.000Z,2020년 8월 8일,"🍚  Tiny LP's Kitchen 🍴
今日の#メニュー 🍅🥑
まるごと#トマト と#アボカド の#どんぶり
Today’s #menu
Boiled #tomato & #avocado #donburi(#ricebowl)
.
.
.
#tiny_lp#tinylp#tinylpkitchen#homemade#japanesefood #アボカド丼#vegan"
,,yuri._.bead_,2020년 8월 5일,2020-08-05T05:51:32.000Z,2020년 8월 5일,"오랜만에 피드 업로드😆
@_21_bokki_
.
.
.
.
.
.
.
.
.
#페이센동#돈부리#덮밥#부산#해운대#서면#맛집#전신스타그램#얼스타그램 #00#99#일상#daily#선팔#좋아요"
Tendon Kohaku,https://www.instagram.com/explore/locations/108769971256449/tendon-kohaku/,ssu_foodlog,1일 전,2021-08-22T03:46:13.000Z,2021년 8월 22일,"..

Ambience ⭐️⭐️⭐️💫
Presentation ⭐️⭐️⭐️⭐️
Taste ⭐️⭐️⭐️💫
Pricing 💸💸

..

📍 Tendon Kohaku @kohakutendonvancouver

Woot! This popular Singapore based Japanese chain specializing in tempura dons is another great addition to the diverse food choices we have in Vancouver! 🍚🥢

Tbh, you can’t compare them to the authentic tendons in Japan, but these were definitely one of the better ones I’ve had! The amount of sauce (you could choose between original and spicy) mixed into the rice and the lightly battered tempura was well-balanced. I ordered the sashimi aimori tendon so i wouldnt leave feeling too greasy and i thought the sashimi and wasabi complemented well with the tendon.

I’ve only visited the downtown location before the Brentwood one newly opened and thought the interior was simple, clean and spacious. Thankfully even though we were there during a busy lunch hour, we didn’t need to wait in line. The servers were friendly, prompt and the food came out pretty quickly! We definitely need to go back to try the desserts next time 😋

🍣 Sashimi Aimori Tendon
-Rice, Kohaku Tendon Sauce, Prawns, Chicken, Pumpkin, French beans, Tuna, Salmon, Scallop, Ikura

🍤 Anago Tendon
-Rice, Kohaku Tendon Sauce, Eel, Prawns, Chicken, Beans, Shiitake Mushroom, Lotus Root, Soft Fried Egg

..

솔직히 일본애서 먹는 정통 텐돈이랑은 비교불가 하지만. 밴쿠버에서 먹어본 텐돈중에는 제일 맛있었음! 브렌트우드점이 오픈하기 전에 다운타운점에 가서 먹었는데 바쁜 점심시간에도 레스토랑이 꽉 차긴 했지만 회전률이 빨라서 줄은 서지 않고 음식도 빨리 나와서 좋았음. 느끼한거 싫어하시는 분은 매운 소스에 (막 맵지는 않아요) 사시미를 곁들인 텐돈 드시는걸 추천해요! 와사비가 참 맛있었음 ㅋㅋ 다음엔 디저트도 꼭 먹어야지!"
이이요,https://www.instagram.com/explore/locations/1176254385859993/,oweekk,2020년 9월 5일,2020-09-05T07:32:18.000Z,2020년 9월 5일,"#주간덮밥 #주간광진구
⠀
간장소스에 절인 연어+광어+가리비를 초대리한 밥에 둘러 올리고 토치로 살짝 구운 '야끼돈부리'. 사케동 보다 다채롭고 #카이센동 보단 캐주얼한 게 매력이다. 초창기 때보다 1000원 오르긴 했어도, 미니우동 서비스로 내주니 여전히 든든한 식사하기 좋은 곳. 12시 오픈 시간부터 북적이니까 일찍 가거나 늦게 가는 편이 거리두기에 좋겠다.
⠀
야끼돈부리 _12.9
⠀
#군자 #이이요 #야끼돈부리"
Cheongju,https://www.instagram.com/explore/locations/249426447/cheongju/,kisssmydish,2020년 6월 9일,2020-06-09T06:59:31.000Z,2020년 6월 9일,미완작_킨토토라이스_SOON_!_
치마오,https://www.instagram.com/explore/locations/168630213624175/,oh_ga_fire,2020년 11월 11일,2020-11-11T10:02:12.000Z,2020년 11월 11일,"⠀
장미상가 치마오
⠀
장미상가 B동 북쪽 계단 아래서 만나는 첫관문!
디긋자 형태의 닷지 좌석들, 두평도 안되는 주방!
그안에서 나오는 뿜어져 나오는 무시무시한 음식!
배불러서 아우성치며 웃음을 짖는 손님들의 표정!
⠀
유명한 이자카야 마냥 엄청난 숫자의 요리가 펼쳐진다
작디작은 주방에서 메뉴를 뽑아내는게 연금술 수준이다
친구를 5명 댈고가도 그쉐리들 입맛을 다 맞출수 있다!
태어나서 처음으로 쒜끼들 고맙단 소리도 들을수잇다
⠀
첫방문이니 이집에서 제일 임팩트 있는것을 먹어보자
이름하여 ""본격가라아게동"" 뭔가 쫌 쎄보이는 느낌이다
본격! 특! 대! 도쿠센! 등의 이름이 붙으면 긴장부터 하자
⠀
바삭한 가라아게를 야마모리해서 엄청 높다랗게 쌓앗다
일본식으로 튀긴 커다란 닭을 하나씩 해치우며 들어간다
몇조각 먹엇지만 아직도 하얀밥을 만나긴 멀엇네 멀엇어
슬슬 밥을 만나나 싶었는데 이젠 양배추가 디펜스를 건다
⠀
혼자 먹다 포장해서 이틀은 더 먹을수있는 엄청난 양의 치킨가라아게와 밥이 끝도 없이 올라오니 기절할 지경ㅋ
이거슨 돈부리의 지로 버전이라는 말인가!?! 무서울지경!
⠀
이렇게 장황히 설명한 엄청난 음식의 가격은 단돈 만원!
먹다 먹다 배불러서 욕하면서 나오는 경험을 하고 싶다면
장미상가 치마오로 가라! 수서에도 잇고 개포동에도 잇다
⠀
⚠️ 이거 완식하면 뚱캔 콭라 사준다 도전해보시라 !
⠀
⚠️ 장미상가 지하던전에는 위험한 함정이 많다!
그곳에서 보물을 찾다 개미지옥 수렁에 빠져 죽더라도
그건 당신 몫이다! 위대한 용자의 도전을 응원합니다!
⠀
⚠️ 모두가 좋아요를 누를때 혼자서 ""꺼져""를 누르신
임동무 센세께 이글을 바칩니다 @lim.dongmoo
⠀
#차마오 #장미상가맛집 #장미상가혼밥#장미상가덮밥 #잠살맛집 #송파맛집 #장미상가던전 #혼밥맛집 #덮밥 #돈부리 #일본음식 #라멘은아닙니다만 #요청에의해서 #알랴드립니다 #먹스타그램 #맛스타그램 #맛집스타그램"
,,jjuaeng2,7월 8일,2021-07-08T02:47:11.000Z,2021년 7월 8일,"#주애오일 #오일스프레이 #공구 ⛔️마감⛔️
이번 주애오일 마감 되었습니다💚
다음 오일은 #추석선물세트 로 찾아뵐께요😘
너무너무 감사드립니다💛

이번 주애오일공구 마지막 영상은 #돈까스덮밥
나남매 최애 메뉴중 하나예요😘

저는 요 피드 올리고 중요한 미팅이 있어서 지하철 타고
서울고고고 합니동😘

어제 저녁 오일 스프레이 구매 댓글들도 보고 ,,,,
그동안 거북이 처럼 혼자 사부작 사부작
누가 알아봐 주지 않는다고 생각했는데
…뭉클스 하고.. 눙물 났어요😭
감사합니다💛

더더더 착하고 바르게 살아볼께요☺️
오늘도 즐거운 하루 보내세요💟

🍱돈까스덮밥 간단레시피🍱
육수
물100ml 쯔유2T(진간장가능1T) 설탕1t (진간장일때1T)
-양파넣고 끓이다가 돈까스 넣어 주고, 한소큼 끓여요
-약불로 바꿔서 계란 풀어 놓으걸 위에 샤라락 덮어요!
-쪽파랑 깨 솔솔 뿌려 불을 끕니다

맛난 밥과 함께 먹으면 끄읏✌🏻

🎖주애오일 구매이벤트🎖
(오픈피드에 댓글 남겨 쥬세요!)
🏷주애오일 재구매 찐 인친님들 댓글 남겨 해주세요!
5분께 커피케익 쿠폰 보내드릴께요
예)김주*(주문자성함)1234(핸드폰뒷자리)
@친구아이디) 재구매완료!

🏷첫구매 인친님(또눈 재구매) 댓글달아 주신
5분께는 햄버거세트 보내드릴께요💛
예)김주*(주문자성함)1234(핸드폰뒷자리)
@친구아이디) 구매완료!
총 10분께 보내드릴께용 많은 참여 부탁 드려요💟

🏷구매방법:프로필링크 (@jjuaeng2)
🏷주문배송조회:
프로필링크”주애키친”주문조회클릭후확인

#주애키친 #주애에어프라이어레시피 #주애와플 #와플팬 #에스파뇰라오일스프레이 #점심 #집밥레시피 #반찬레시피 #레시피공유 #영상레시피 #아이반찬 #반찬 #덮밥 #돈부리 #돈까스나베 #돈까스 #koreafood"
송리단길 SongniDan-gil,https://www.instagram.com/explore/locations/2197339867170927/songnidan-gil/,yun1208i,2020년 11월 9일,2020-11-09T09:47:35.000Z,2020년 11월 9일,"#저녁 #송리단길맛집 #돈부리파스타
#봉골레파스타 #돈부리 #수비드스테이크
송리단길에 놀러갔다가 익선동에서 맛나게
먹었던 가게가 떡하니 있길래 방문
돈부리는 여전히 밥이랑 고기가 맛났고,
전반적인 분위기랑 메뉴구성이 맘에 들었다
#오늘하루도고생했어요👏 (마지막은 동영상)
.
.
#seoul #dinner #pasta #mukbang #donburi
#ソウルグルメ #ソウル #パスタ #どんぶり
#写真好きな人と繋がりたい"
형훈라멘,https://www.instagram.com/explore/locations/1992439097715294/,doctormatrange,2020년 5월 16일,2020-05-16T14:04:12.000Z,2020년 5월 16일,"[형훈라멘, 2019]
류니끄, 소나와 같은 건물에 있는 형훈라멘. 근데 라멘 먹으러 온 거 아니야. 나는 양, 곱창, 대창 중에서 몸에 제일 안 좋은 대창을 제일 좋아하는데, 여기 대창덮밥은 튀긴 파를 곁들여 먹으면 JMT이야. 한정 판매라고 하니 먹고 싶으면 일찍 가.

@hyunghoon_seoul #형훈라멘 #대창덮밥 #형훈 #cnp #대창 #덮밥 #돈부리 #호르몬 #호르몬동 #신사동맛집 #가로수길맛집 #ホルモン #ホルモン丼 #좋아요 #좋아요반사 #좋반 #좋반사 #좋아요그램 #첫줄 #첫줄반사 #첫줄좋반 #먹스타그램 #맛집그램 #foodstagram #likeforlikes #likeforfollow #l4l #like4likes #いいね #いいね返し"
경남 거창군 거창읍,https://www.instagram.com/explore/locations/271256669/,byukdam,1시간 전,2021-08-23T23:09:50.000Z,2021년 8월 24일,"덮밥맛집 포장맛집 벽담입니다🙇🏻‍♂️🙇🏻‍♂️

태풍은 일단 다 빠져나갔지만
비는 시원하게 오는 중이네요😊
천둥번개도 요란한 아침입니다😖
천둥소리에 놀라서 우리집 강아지 녀석이
방문을 팍팍 긁으며 문을 열어 달라기에
'이녀석 뭐가 무섭다고 그래!' 하면서
문을 열어줬더니 입에 공을 물고 왔네요😳😳 속았다😆😆

오늘도 정상영업합니다🤗🤗🤗

---------------
0559437932 🖖🏻🖖🏻
포장이나 방문 하시기 전에
전화로 메뉴와 도착시간
알려주시면 최대한 시간에 맞춰서
준비하도록 하겠습니다🙇🏻‍♂️🙇🏻‍♂️🙇🏻‍♂️
(홀의 상황에 따라 약간의
시간차이는 있을 수 있습니당😊)
------------------------------------------
#거창 #벽담 #일본가정식
#거창맛집 이고픈 #거창밥집
#월간벽담 #오늘도화이팅
#대구 #함양 #합천 #산청 #경남 #무주
#foodie #맛집 #먹스타그램
#점심 #lunch  #丼 #돈부리 #덮밥맛집"
,,haru.han.kki,11시간 전,2021-08-23T13:07:56.000Z,2021년 8월 23일,딱히 먹은게 없는 날에 올리는 예전에 해먹은 가츠동!
,,mygarlic,11시간 전,2021-08-23T13:02:20.000Z,2021년 8월 23일,"잘먹고 운동하기 #운동일지
장마도 아닌데 계속 아침마다 비가와서 조깅도 못하고해서 당분간은 웨이트 운동을 쪼개서 하루에 달랑 20분씩 하는 걸로 진행해 보기로 했다. 건강을 위해 꾸준히 몸을 움직이는 수준으로...

웜업) 5분씩
#FoamRoller #동적스트레칭 #ProneCobra #어깨모빌리티

2021.08.22 일요일 본운동 15분
#YRaise 노랑 10lb, 3×12rep
#OverHeadPress 2×8kg 20, 18, 20
#코어 5종×(25초 운동+ 5초 휴식)

2021.08.23 월요일 본운동 15분
#맨몸Deadlift 12, 12, 12, 12, 12
#맨몸Lunge L+R 16, 10, 14, 12, 16
... 2종×(40초 운동+20초 휴식)×5라운드=10분
#RollUp 15, 15, 15

ㅡㅡㅡㅡㅡㅡㅡㅡㅡㅡㅡㅡㅡㅡㅡ
#workout #fitness #홈트 #HomeTraining #GymLog #덤벨 #dumbbells #돈부리 #돈까스덮밥
#막국수 #리코타치즈샐러드 #감자튀김 #diet #nodiet .#foodie
ㅡㅡㅡㅡㅡㅡㅡㅡㅡㅡㅡㅡㅡㅡㅡㅡㅡㅡ"
,,eom_teacher,12시간 전,2021-08-23T12:58:56.000Z,2021년 8월 23일,"15년차 친구. 10개월만에 접선.
장정 6시간의 수다. 시간가는 줄 몰랐다ㅋㅋㅋㅋ
@ss__rlo 부천시민 뽀에버"
강남구 신사동,https://www.instagram.com/explore/locations/290713773/,hiyumiiii,14시간 전,2021-08-23T10:12:49.000Z,2021년 8월 23일,"#윰이의신사동살이 오늘의 점심 장어덮밥🥣

오늘은 직장동료1과 장어덮밥을 먹으러갔다.
카이센동이 유명한 이 곳은 점심시간에 오면 웨이팅이있다한다
코로나 때문인지 나는 곧바로 bar 자리로 착석가능했음ㅇㅇ

점심식사로 만칠처넌원은 이게뭔플렉스인가 싶지만
뭐... 내일 굶지뭐.....🥲

🚩카이센동 우니도 (신사역 6번출구랑 가까워용)"
,,_mmadecook,16시간 전,2021-08-23T08:50:52.000Z,2021년 8월 23일,"#돈까스덮밥
눅눅해지지 않도록 돈까스는 튀겨서 따로 올려주기
아래에는 간장에 졸인 야채와 달달짭짤한 간장소스가 가득 🔥"
,,ppeppe_zzong,16시간 전,2021-08-23T08:45:23.000Z,2021년 8월 23일,"얼큰규규동~~ 아 발음하기 힘들어~
근데 맛있엉~♡"
,,tastycookbook,19시간 전,2021-08-23T05:56:48.000Z,2021년 8월 23일,"#히데코의사계절술안주사케편 #맛있는책방
새우와 팽이버섯 버터볶음 돈부리는 아주 간단한 일본식 덮밥입니다!! 담백한 재료에 간장을 넣고 만들어 감칠맛이 강한 쥰마이와 같이 먹으면 젓가락을 멈출 수 없을 거예요!! 히데코 선생님의 팁은 재료를 센 불에서 빠르게 볶아야 물기가 생기지 않는다고 해요!! 곡물의 감칠맛과 과일 향이 가볍게 맴도는 #송죽매쥰마이750 사케와 먹어 보세요!!

🍶새우와 팽이버섯 버터볶음 돈부리는 히데코의 사계절 술안주 사케편 #32 페이지에 있어요:)"
만고쿠 영통점,https://www.instagram.com/explore/locations/337894924216978/,seul.ryang,21시간 전,2021-08-23T03:33:39.000Z,2021년 8월 23일,"ㅡ
• 만고쿠 영통점

- 챠슈동 チャーシュー丼 9.5

네.. 오늘도 또 가고 말았습니다!

한의원 가서 물리치료 받고 침 맞고
스스스 들어가 버린 만고쿠!

윤기 자르르 챠슈가 기가 맥힙니다 ㅠㅠ
휴우....

오랜만에 흥분해서 흔들린 사진!
ㅋㅋㅋㅋㅋㅋ

어제 단무지에서 레몬향이 난다고 했는데
정체는 유자였습니다!

오늘도 대만족!!

냠냠 ♡_♡

#수원 #영통 #맛집
#수원맛집 #영통맛집
#강추 #강력추천

#만코쿠 #만고쿠 #満石 #영통점
#돈부리 #どんぶり飯 #どんぶり #丼物
#챠슈동 #챠슈덮밥 #チャーシュー丼

#맛스타그램 #먹스타그램
#food #foodie #foodstagram
#먹슬량

#메뉴깨기"
카쿠레가_かくれが,https://www.instagram.com/explore/locations/544583015989563/_/,kakurega_donburi,1일 전,2021-08-22T22:58:53.000Z,2021년 8월 23일,"여러분의 월요병 극복을 위한
저희의 준비자세 ❤️
배달과 포장 단단히 준비합니당 ❤️
오늘도 정성껏 준비할게요 😍

#카쿠레가 #무실동 #무실동맛집 #원주 #원주맛집 #강원도 #강원도맛집 #맛집 #돈부리 #돈부리맛집 #사케동 #사케동맛집 #일식 #일식맛집 #일본가정식 #텐동 #텐동맛집 #자루소바 #자루소바맛집 #소바 #소바맛집"
,,cozy_gnal,1일 전,2021-08-22T22:45:15.000Z,2021년 8월 23일,"🙋‍♀️

아침은 #소고기채소스프 + 바게트빵
점심은 #돈부리 입니다.

이제 개학을 했지만 온라인 수업이라
삼시세끼 준비하는 일상은 끝이 안나네요😅

어제
집콕해야 된다고 시작한 넷플릭스와 작별했습니다👋
헤이해진 일상과 작별하려고요~
코로나 종식이란 시작점을 기다리며
느슨하게 지냈는데 안되겠어요 ㅎㅎㅎ

긴 여행을 마치고 집으로 돌아온 기분이네요🙂
알찬 하반기 보내세요❤

#토마토채소스프
#아들도시락🍱
#동파육
#일요일은아빠가요리사
#동파육잘먹었어요14년만에요리"
"Daegu, South Korea",https://www.instagram.com/explore/locations/102159636493202/daegu-south-korea/,hwajeon_donburi,1일 전,2021-08-22T11:12:14.000Z,2021년 8월 22일,"두마리토끼 잡는 실속형 매장
미슐랭 덮밥 화전돈부리 언제든지 문의 주세요
코로나시대 핫한 창업소식
상생하는 화전돈부리 본사가
힘든 가맹점주님들께 부담은 덜어드리고
힘이되어 드립니다

ㆍ
#돈부리#화전돈부리#대구맛집#볶음김치규동#덮밥#덮밥맛집#배달의민족#배민#점심스타그램#좋반#먹스타그램#존맛#샵인샵#창업#수성구맛집#상인동맛집#미슐랭#돈부리맛집#배달
#코로나창업#팔로우#샵인샵창업#밥집#창업아이템"
,,ssun_hh,1일 전,2021-08-22T10:29:05.000Z,2021년 8월 22일,"-
간만에 출근해서
반가운 친구랑 티타임 갖고
-
인수인계 열심히 하고,
함께 맛있는 점심 냠냠😋
.
.
.
2021.8.9♥"
,,bee_ruya,1일 전,2021-08-22T10:10:11.000Z,2021년 8월 22일,"💕
비루야 금일 영업 마감하겠습니다!
오늘도 찾아주셔서 감사합니다!

내일은 비루야 정기휴무 입니다!❤️

#비루동생노리"
,,hhye___p,1일 전,2021-08-22T09:52:27.000Z,2021년 8월 22일,"#210707
.
근무 중 점심시간에 만나
돈부리+메밀소바
.
#일상 #데이트 #커플 #파주 #돈부리 #메밀소바 #먹방 #모리모리"
,,conbrio123,1일 전,2021-08-22T08:57:47.000Z,2021년 8월 22일,".
오야코돈부리(3인기준)

🔍재료
닭다리정육 500g, 양파 1/2개, 공기밥 3개

* 닭손질
쌀뜨물 1리터, 청주 2T, 소금 1/2t,후추 약간

* 데리야끼소스
다시마물 12T, 다시마간장 4T, 흑설탕 3T, 올리고당 1T, 청귤 1/2개

* 계란스크램블
특란 4개, 다시마물 7T, 소금 약간

🔍재료손질
1. 닭 : 흐르는 물에 씻어 쌀뜨물에 1시간정도
담갔다가 꺼내 물기를 제거하고 청주, 소금,후추 간해서 반나절 냉장보관하여 숙성시킨다.
2. 채소 : 양파는 잘게 채썰고 청귤은 굵게 채썬다.
3. 계란스크램블 : 재료를 넣고 골고루 섞는다.

🔍레시피
1. 밑간된 닭은 껍질방향이 위를 향하도록 에어프라이어에 담고 종이호일없이 180도 15분로 굽고 뒤집어 5분간 추가 조리한다.
2. 팬에 데리야끼소스(청귤제외)를 넣어 끓이고 소스가 끓으면 양파과 청귤을 추가하여 양파가 익을때까지 끓인다.
3. 소스에 먹기 좋은 크기로 자른 닭을 넣고 소스가 절반이 되도록 끓여서 꺼내둔다.
4. 소스를 끓인 팬을 닦지않은 상태에서 계란물을 부어 저어가며 익히되 계란이 절반정도 익었을때 불을 끈다.
5. 따뜻한 밥에 계란스크램블을 올리고 그 위에 닭과 소스를 부어 따뜻하게 먹는다.

🔍맛있게먹어볼까?
1. 기존 오야코돈부리 레시피를 변형하여 맛은 유지하고 계란의 보들보들하고 폭신한 식감을 살렸습니다.
2. 스크램블과정이 다소 번거롭다면 만들어진 소스에(3번) 계란물을 추가해 조리하셔도 괜찮습니다.

#오야코돈부리 #오야코돈 #돈부리 #덮밥
#닭고기 #계란 #닭고기계란덮밥 #집밥 #마켓컬리 #온더테이블 #ID_conbrio123 #kf3651등급닭다리살 #레시피 #채소 #네컷요리 #채소소믈리에
#vegetable #food #chicken #cooking #homefood #instafood #recipe #vegetablesommelier #親子丼
#どんぶり #おうちごはん #野菜
#野菜ソムリエ"
충남 논산시,https://www.instagram.com/explore/locations/183210618494909/,yoap__official,1일 전,2021-08-22T08:53:12.000Z,2021년 8월 22일,"#YOAP
브레이크타임에 열심히 준비하여 디너 오픈하였습니다;)

요앞에서 만나요🙌🏻

#요앞"
홍대돈부리 신촌점,https://www.instagram.com/explore/locations/272438060/,g2dlife,1일 전,2021-08-22T08:28:58.000Z,2021년 8월 22일,"양이 생각보다 많네? 완전 배불렀잖어ㅎ😄
#휴일#신촌#홍대돈부리#식사#점심#덮밥#돈부리#카츠동#네기카츠동#休日#食事#昼ご飯#丼#カツ丼#ネギカツ丼"
,,donburi_yoon,1일 전,2021-08-22T08:03:59.000Z,2021년 8월 22일,🐟 #돈부리 #덮밥 #연어 #donburi #요리 #どんぶり #丼 #たべものぐらむ #りょうりすたぐらむ
크레이지카츠 - CRAZY KATSU,https://www.instagram.com/explore/locations/1268455516520462/-crazy-katsu/,crazyforkatsu,1일 전,2021-08-22T06:52:19.000Z,2021년 8월 22일,"크레이지카츠가 2층으로 이전한 후 지속적인 누수 문제가 발생해 왔습니다. 그때마다 최선을 다해 해결해 왔지만, 이제 정말 끝난 줄 알았던 누수가 또 발생했습니다…😭

이대로는 더이상 안 될 것 같아 긴급 누수공사를 진행합니다. 8/23(월) 하루만 문을 닫고 공사를 진행하고, 8/24(화)부터는 정상 영업할 예정이니 매장 방문에 참고 부탁 드립니다!🐢

#이번이마지막이길 #누수야이젠다시만나지말자"
,,jisussi46,1일 전,2021-08-22T05:25:45.000Z,2021년 8월 22일,"#제품협찬
오늘은 #돈까스김치나베 .
달큰한 돈부리 소스에 김치 넣고 소스 끓여내고,
두툼한 등심통돈까스를 에어프라이어에 구워낸 뒤 큼직하게 썰어서
소스 위에 올려 만들었어요.

두툼한데도 부드러운 통등심의 식감이 일품인 돈까스 김치나베.
소스와의 조화가 끝내줘요.

#오늘저녁메뉴, #오늘뭐먹지, #돈까스요리 #돈부리 #돈까스김치나베 #저녁요리 #홈밀 #통등심돈까스 #등심통돈까스 #롯데푸드"
,,sori_table,1일 전,2021-08-22T05:07:59.000Z,2021년 8월 22일,".
#6인가족막내딸 의 우당탕탕 저녁 준비,,, 취미는 #대용량 조리
.
#냉장고털이 #돈부리 ..와 #샤브샤브 #돼지갈비 사이 어떤 것. 마지막에 계란물 풀어서 덮밥으로 해서 와사비하고 같이 먹었어요. 👍 쌈으로 먹으려다가 그냥 넣어서 익혀 본 배추가 제일 맛있음‼️🙂
.
#저녁메뉴 #집밥 #집밥스타그램"
살구식당,https://www.instagram.com/explore/locations/105057954540023/,salgu_nomiya,1일 전,2021-08-22T04:39:39.000Z,2021년 8월 22일,"#살구식당
#오사카반찬가게살구네

런치쉬는 일요일 😳

국수좋아하는 부녀는 우동
만들어주고
가게서 챙겨온 도테야끼로 듬뿍넣고
도테동 !
사실 제가 먹고싶어서
잠깐 판매도 하는거 맞구요 🤣🤣
너무나 맛나는거…. 💓
밥이랑 먹으면 더더 맛나서
양 조금 늘려서 판매중입니다:)
단품으로 하이볼과 함께해도 좋고,
공기밥 추가해서 돈부리에
달라고 하시면 덮밥으로
드실 수 있어요 ~ 추천추천!
(곧 품절 예정이에요 🌝)

일요일은 오후 5시부터 9시까지!

#일본가정식
#돈부리 #덮밥맛집
#일본식반찬 #반찬맛집
#반찬가게 #도시락배달
#이자카야

#합정맛집#홍대맛집
#상수술집 #상수맛집
#맛스타그램 #먹스타그램
#술스타그램 #안주스타그램
#혼밥 #혼술러 #혼밥러 #혼술

#배달맛집 #상수배달 #합정배달
#ソウル在住
#在韓日本人"
관평동,https://www.instagram.com/explore/locations/1461194554100846/,umaiya_official,1일 전,2021-08-22T02:26:59.000Z,2021년 8월 22일,#관평동맛집 #대전맛집 #유성맛집 #우마이야 #오뎅바 #점심 #더위 #냉모밀 #돈가츠 #돈부리 #규동 #원조가래떡볶이 #떡볶이 #한끼식사 #술안주 #혼밥 #혼술 #야식메뉴 #배달 #관평맘 #관평동술집 #관평동카페
,,chochef_holidays,2일 전,2021-08-21T23:01:37.000Z,2021년 8월 22일,"어제 애엄마가 만들어준 돈까스로 달리시고, 돈까스덮밥으로 해장하는 아침
カツ丼っていがいと二日酔いに効く

#요리 #취미 #조식 #아침 #아침밥 #먹스타그램 #料理 #趣味 #朝ご飯 #朝食 #美味い #カツ丼 #丼 #丼ぶり #카츠동 #돈부리 #해장 #맛있다"
카쿠레가_かくれが,https://www.instagram.com/explore/locations/544583015989563/_/,kakurega_donburi,2일 전,2021-08-21T20:51:32.000Z,2021년 8월 22일,"차돌박이가 잔뜩 들어간
맛있는 볶음우동!
면요리는 금방 배고프다는 불편한 진실
저희가 깨드릴게요 ❤️
오늘도 정성껏 준비할게요 ❤️

#카쿠레가 #무실동 #무실동맛집 #원주 #원주맛집 #강원도 #강원도맛집 #맛집 #돈부리 #돈부리맛집 #사케동 #사케동맛집 #일식 #일식맛집 #일본가정식 #텐동 #텐동맛집 #자루소바 #자루소바맛집 #소바 #소바맛집"
신촌 자이엘라,https://www.instagram.com/explore/locations/199638643862290/,2021jin715,2일 전,2021-08-21T17:52:55.000Z,2021년 8월 22일,#진돈부리 #이대 #신촌 #사케동 #돈부리 공지올립니다
,,huhs_activity,2일 전,2021-08-21T15:31:05.000Z,2021년 8월 22일,"돈까스덮밥 간단레시피

#광고
feat. Chefood 통돈까스

돈까스를 좀더 색다르게 먹고 싶을 때 !
집에 있는 재료만 가지고 간단하게 돈까스 덮밥 만들기 🍽 부실한 재료로 이렇게나 맛있을 수 있다니
통돈까스가 맛있는 덕분인 것 같아요 !

#히든서포터즈 #에어프라이어레시피"
경기도 파주시 운정신도시,https://www.instagram.com/explore/locations/265395363/,cheonsoo.lee,8월 14일,2021-08-14T05:05:13.000Z,2021년 8월 14일,"⠀
긴자료코에서 가츠동
주문했는데 그릇 크기에
깜짝 놀랐고 말았다.
머슴 밥그릇도 아니고ㅋㅋ
⠀
⠀
⠀
#긴자료코야당점 #긴자료코
#가츠동 #돈까스덮밥 #덮밥
#돈부리 #덮밥맛집 #야당맛집
#맛집 #맛스타그램 #먹스타그램
#팔로우 #선팔하면맞팔 #좋아요
#좋아요반사 #일상 #일상스타그램
#instadaily #instagood #instalike
#l4l #f4f #follow #photography
#food #foodporn #foodstagram
#foodie #katsudon #donburi"
교동,https://www.instagram.com/explore/locations/252415138499325/,minahbabstagram,2일 전,2021-08-21T15:12:35.000Z,2021년 8월 22일,#키츠네덮밥 #카니미소동 #스테키동 #돈부리 #덮밥 #교동맛집 #대구맛집 #민아밥스타그램
송리단길 SongniDan-gil,https://www.instagram.com/explore/locations/2197339867170927/songnidan-gil/,bogil_songpa,2일 전,2021-08-21T15:10:45.000Z,2021년 8월 22일,"킹크랩 돈부리

3.85kg 킹크랩 🦀🦀🦀"
잠실 롯데백화점 에비뉴엘,https://www.instagram.com/explore/locations/143260566376969/,byovely,2일 전,2021-08-21T14:29:48.000Z,2021년 8월 21일,"하루종일 자다가 밍디가 사준 귀걸이하고 마실나옴 🤍

#거울이더럽네😂#오랫만에#셀카#주말#꽃선물#백합#순백#너랑어울려서샀어#🌸#JYP카페#소울컵#멋모르고들어감#색다른경험#ㅋㅋㅋㅋㅋㅋ#가을쇼핑#집에옷이없어요#🥲#먹방#디저트#🍹#🍰#🍛#돈부리#에비카츠동#맛집#조셉앤스테이시#니트백#스와로브스키#귀걸이#2뽀💕"
,,sslbbi.k,2일 전,2021-08-21T11:16:42.000Z,2021년 8월 21일,"맛 미쳐따
일주일만에 한번 더옴 ㅋㅋㅋㅋ

#이이요 #군자맛집 #돈부리 #연어덮밥 #연어마끼"
,,oneul__table,2일 전,2021-08-21T11:03:19.000Z,2021년 8월 21일,"오늘의식탁
챠슈덮밥
.
요리실습에서 받아온 재료들 열심히 소진중🤣
.
어제는 묶은머리가 흘러내려 헝클어진 머리를 다시 묶을수도 없을만큼 팔이 아프고,
급기야 오후부터 열이 올라
한밤을 고생하고😂😂
.
다행히 아침엔 주사 맞은 팔통증도 가라앉고
열도 내리고
백신접종후 개인차가 꽤 있는듯하다
.
아침부터 세차게 비 내리고
서늘하게 바람 부는 오늘같은 날씨엔
뜨끈한 국물요리가 먹고 싶었으나
어제저녁을 시켜먹은 댓가로
꽉꽉 채워져 있는 냉장고를 비워야만 하는 🤣🤣
.
최대한 덮밥소스를 뜨끈하게 유지하고
먹기직전 한번 더 소스를 얹어준다
.
요즘 젤로 맛있는 복숭아는
아침 간식 저녁으로 시도때도 없이~~🍑🍑🍑
.
.
.
.
.
.
.
.
.
.
.
.
.
#집밥#집밥스타그램#온더테이블#플레이팅#요리스타그램#푸드스타그램#식단공유#요리#쿡스타그램#예쁜그릇#도자기그릇#밥상#홈쿡#홈메이드#요리하는여자#오늘의식탁#오늘테이블#돈부리#챠슈덮밥
#복숭아#황도"
오늘동,https://www.instagram.com/explore/locations/111382971220791/,todaydong_official,2일 전,2021-08-21T11:01:48.000Z,2021년 8월 21일,"돼지고기에도 소고기와 같은 '마블링' 이 있습니다.

저희 오늘동의 인기메뉴 중 하나인 돈카츠는 매일 아침 돼지를 받아 직접 도축,가공하여 제공해주는 업체와 거래해 신선한 돈등심을 받아 매장에서 직접 제단 후 숙성하여 빵가루 작업 후 손님상에 제공하고 있습니다.
하나의 메뉴가 제공되기까지 여러 과정을 거쳐 정성이 가득담겨 있는 한그릇 입니다. 🤗
항상 좋은 재료로 정성을 담아 조리하여 맛있는 한끼를 대접해 드릴 수 있도록 노력하겠습니다🙇‍♂️ 돈카츠 드시러 오세요🙋‍♂️😊"
,,lovelyjjan,2일 전,2021-08-21T10:58:27.000Z,2021년 8월 21일,"#삼겹살요리
오늘의 #돈부리
#부타동
자세한 레시피는 제 블로그에.."
,,sushi_gonggan,2일 전,2021-08-21T10:16:06.000Z,2021년 8월 21일,"-
스공 직원들이 뽑은 최고의 조합!
나가사끼짬뽕 + 후토마끼 = 환상적
맥주가 벌컥벌컥들어가는중

#스시공간 #천호역맛집 #천호역 #천호맛집 #천호 #천호역 #천호스시공간 #스공 #나가사끼짬뽕 #얼큰나가사끼짬뽕 #후토마끼 #환상의조합 #천호동나이키 #맥주 #생맥주 #스시 #초밥 #돈부리 #최고"
스밀,https://www.instagram.com/explore/locations/110001847903021/,_s_meal,2일 전,2021-08-21T08:07:33.000Z,2021년 8월 21일,"⠀
카니미소파스타
⠀
눅진한 맛과 대게의 깊은 향을
머금은 크림소스 파스타
⠀
게내장인 카니미소와
오동통한 새우,대게살이
둠뿍들어간 식사로도 술안주로도
손색없는 카니미소 파스타
⠀
월요일 디너부터 판매 시작합니다!
⠀"
스밀,https://www.instagram.com/explore/locations/110001847903021/,_s_meal,2일 전,2021-08-21T07:36:57.000Z,2021년 8월 21일,"⠀
고마시메사바
⠀
소금과 식초에 잘 숙성하여
비린맛은 사라지고
⠀
눅진한 고등어 기름과 산뜻함이
어우러진 시메사바
⠀
간장, 간장+실파, 간장+실파+깨
순서로 먼저 맛보시고
⠀
고마다래 각종 채류와
함께 즐겨보세요.
⠀
다음주 월요일 디너부터 판매합니다!"
살구식당,https://www.instagram.com/explore/locations/101910438553173/,salgu_nomiya,2일 전,2021-08-21T07:18:21.000Z,2021년 8월 21일,"#살구식당
#오사카반찬가게살구네

아이고 ㅠ
어제 주문주셨던 고객님 😭😭
누락된 메뉴가 있었던걸
이제야 리뷰보고 알게되다니 😭😭
너무너무 죄송합니다 !
가게로 전화주시면 바로 다시
보내드렸을터인데 식사하시는데
불편드려 넘넘 죄송해요!
리뷰 확인 후 바로 쿠팡이츠 서비스센터
통해 환불 진행하였구요 ~
규정상 연락처는 절대 알려줄 수 없다하여
직접 연락드리지 못하고 인스타로나마
사과드려요 🥲🥲
다음에 혹시라도 주문하시게된다면
메세지 남겨주셔요 !
꼭꼭 서비스 챙겨드리겠습니다 🥺

#일본가정식
#돈부리 #덮밥맛집
#일본식반찬 #반찬맛집
#반찬가게 #도시락배달
#이자카야

#합정맛집#홍대맛집
#상수술집 #상수맛집
#맛스타그램 #먹스타그램
#술스타그램 #안주스타그램
#혼밥 #혼술러 #혼밥러 #혼술

#배달맛집 #상수배달 #합정배달
#ソウル在住
#在韓日本人"
살구식당,https://www.instagram.com/explore/locations/101910438553173/,salgu_nomiya,2일 전,2021-08-21T06:14:28.000Z,2021년 8월 21일,"#살구식당
#오사카반찬가게살구네

가끔 타마고 산도가 너무 예쁘게
생긴(?) 날이 있어요 🥰🥰

오늘 그런날 …💓

토요일은 브레이크타임 없이
열려있어요 😳

#일본가정식
#돈부리 #덮밥맛집
#일본식반찬 #반찬맛집
#반찬가게 #도시락배달
#이자카야

#합정맛집#홍대맛집
#상수술집 #상수맛집
#맛스타그램 #먹스타그램
#술스타그램 #안주스타그램
#혼밥 #혼술러 #혼밥러 #혼술

#배달맛집 #상수배달 #합정배달
#ソウル在住
#在韓日本人"
충남 논산시,https://www.instagram.com/explore/locations/183210618494909/,yoap__official,2일 전,2021-08-21T03:28:17.000Z,2021년 8월 21일,"#YOAP
오랜만에 비가 시원하게 내리네요⛈
폭우를 뚫고 오시는 분들은 가라아게 서비스로 제공 해드립니다:)

배달 및 포장도 열려있으니 오늘같은 날은 집에서 요앞을 즐겨보세요🙌🏻

#요앞"
히사시부리,https://www.instagram.com/explore/locations/106714424833174/,hisasibooori,2일 전,2021-08-21T03:06:00.000Z,2021년 8월 21일,"비 오는 날, 갓 지은 밥에 돈가츠카레"
Gangneung,https://www.instagram.com/explore/locations/223123193/gangneung/,chodangmaka,2일 전,2021-08-21T02:58:05.000Z,2021년 8월 21일,"_

여러분 마카모예~🤗

아침부터 비가 내리지만 우리모두가 좋아하는 토요일이에요!! 마카는 오픈준비를 마쳤습니다^^

48시간 숙성된 오겹살로 만들어진 동파동!! 입맛 당기신다면 언제든 매장방문 또는 포장, 배달을 이용해 주세요.

날이 선선해지면서 동파주문이 늘었어요. 넉넉하게 준비하고 있지만 혹시 모르니 먼저 주문한 사람이 임자!!😉

⭐️ 포장가능/단체포장👌(50인분까지)
⭐️ 3인이상 예약문의 033) 823-0714
⭐️ 배달의민족 ON

포장주문 하실 때 픽업시간을 알려주시면 최대한 맞춰 식지않게 준비해 드리겠습니다^^ (소바포장은 팩에 육수를 따로 드려요.)

#강릉일식 초당마카를 찾아주시는 분들 항상 감사드려요💕"
,,kimj_slow,2일 전,2021-08-21T02:32:56.000Z,2021년 8월 21일,"평일 사람 없는 익선동
달지만, 부드럽고 사르르 녹는 수플레 😍
음료가 비싸서 아쉬웠어요 🤔

#익선동카페 #수플레팬케이크 #돈부리
#종로맛집 #맛스타그램😋 #먹스타 #맞팔선팔환영🙆🙌 #평일스타그램
#행복스타그램💕 #서울살이 #맛있는디저트"
아워카츠,https://www.instagram.com/explore/locations/105029214622411/,ourkatsu,2일 전,2021-08-21T02:31:00.000Z,2021년 8월 21일,"오늘도 정상영업합니다.
저희 아워카츠는 오늘부터 배달특급에서
배달을 시작하였습니다.
찜 부탁드리고 많이 찾아주세여!!🥰🥰

▪️하남시 미사강변동로 73 203호
▪️미사역 9번출구 도보 1분 거리
▪️11am-9pm (브레이크타임 3-5pm, 주말 브레이크 없음)배달은 브레이크 타임에도 가능!!
▪️월요일 정기 휴무
▪️전메뉴 포장 🥡 / 배민, 쿠팡이츠 ,배달특급 배달 🚗 가능
▪️070 8823 7996 📞"
Gangneung,https://www.instagram.com/explore/locations/223123193/gangneung/,chodangmaka,2일 전,2021-08-21T02:22:56.000Z,2021년 8월 21일,"_

여러분 마카모예~🤗

아침부터 비가 내리지만 우리모두가 좋아하는 토요일이에요!! 마카는 오픈준비를 마쳤습니다^^

48시간 숙성된 오겹살로 만들어진 동파동!! 입맛 당기신다면 언제든 매장방문 또는 포장, 배달을 이용해 주세요.

날이 선선해지면서 동파주문이 늘었어요. 넉넉하게 준비하고 있지만 혹시 모르니 먼저 주문한 사람이 임자!!😉

⭐️ 포장가능/단체포장👌(50인분까지)
⭐️ 3인이상 예약문의 033) 823-0714
⭐️ 배달의민족 ON

포장주문 하실 때 픽업시간을 알려주시면 최대한 맞춰 식지않게 준비해 드리겠습니다^^ (소바포장은 팩에 육수를 따로 드려요.)

#강릉일식 초당마카를 찾아주시는 분들 항상 감사드려요💕"
크레이지카츠 - CRAZY KATSU,https://www.instagram.com/explore/locations/1268455516520462/-crazy-katsu/,crazyforkatsu,2일 전,2021-08-21T02:16:32.000Z,2021년 8월 21일,"크레이지카츠 x 테이블링
남겨주시는 리뷰들을 보며 가장 죄송스러웠던 점이 식당 이름만큼 맛이 크레이지하지만, 웨이팅도 크레이지하다는 점이었습니다.

이를 개선하고자 원격 줄서기 서비스 ‘테이블링’을 8월23일(월)부터 도입합니다. 어플을 통해 매장에 도착하시기 전 미리 대기 등록이 가능하며, 입장 순서가 돌아오기 전에는 매장 앞 태블릿에 인증코드를 입력하셔야 합니다.

크레이지카츠 합정본점에만 해당되는 내용입니다. 보다 더 편리하고 만족스러운 고객 경험을 하실 수 있도록 노력하겠습니다. 늘 감사합니다🙏💙"
,,aghyuddd1256,2일 전,2021-08-21T01:48:47.000Z,2021년 8월 21일,"이왕에 시작할거
제대로된 라인에서 시작하세요.
이왕에 돈벌거
확실한 곳에서 시작하세요.
라인 제대로 타야
제대로 돈 벌수 있는점!
그래서 실패없이 오래 벌어요!
육아하면서 벌어봐요^^ ⠀⠀⠀⠀
방법이 궁금하시면
프로필 상단 링크 1:1오픈톡으로 문의 주세요
.
.
.
.
.
.
.
.
.
.
.
.
.
.
#새댁놀이#휴일나들이#찜질기#명품가방추천#파마중#시간여행#화장법#뷰티공구#외식경영#아들육아#돈부리#물광#축하화환#고기반찬#친구구함#분식점#전복뚝배기#육퇴후자유#퇴근중#귀여운강아지#한강데이트#일하기좋은카페#리본블라우스#촬영모델#야자#경기도맛집#중고차판매#중단발#사진작가#중딩친구들"
카쿠레가_かくれが,https://www.instagram.com/explore/locations/544583015989563/_/,kakurega_donburi,3일 전,2021-08-21T00:57:41.000Z,2021년 8월 21일,"비가 오지만
행복한 주말입니다 ❤️
혹시라도 매장 방문이 힘들다면
배달을 이용해보세요
늦잠 자고 일어나서 먹는 돈부리 꿀맛인거 아시죠?! ❤️
오늘도 열심히 준비하겠습니다 🤩

#카쿠레가 #무실동 #무실동맛집 #원주 #원주맛집 #강원도 #강원도맛집 #맛집 #돈부리 #돈부리맛집 #사케동 #사케동맛집 #일식 #일식맛집 #일본가정식 #텐동 #텐동맛집 #자루소바 #자루소바맛집 #소바 #소바맛집"
,,_imbbo,3일 전,2021-08-20T15:31:14.000Z,2021년 8월 21일,"든든한 효소가 함께해서
즐길 수 있었지요🐱
오야꼬동 너무 너무 맛 ..💛

#강동역 #최애집 #돈부리 #소화가잘되야지방이안쌓여욤 #살안찌는팁 #유지어터 #다이어터 #맛집 #먹스타그램 #먹방 #오늘뭐먹지"
,,salmon_don767,3일 전,2021-08-20T13:30:33.000Z,2021년 8월 20일,"2021년 8월 20일 6.3kg!

#연어앤돈부리#연어 #돈부리 #연어돈부리 #배달
#방배동 #카페골목 #배달맛집
#연어사시미 #혼술세트 #사케동 #에비동 #가츠동 #초밥
#연어초밥 #연어불초밥 #연어샐러드 #사시미
#맛집 #먹스타그램 #배달스타그램 #존맛탱 #jmt"
,,salmon_don767,3일 전,2021-08-20T13:29:57.000Z,2021년 8월 20일,"2021년 8월 19일 7.6kg!

#연어앤돈부리#연어 #돈부리 #연어돈부리 #배달
#방배동 #카페골목 #배달맛집
#연어사시미 #혼술세트 #사케동 #에비동 #가츠동 #초밥
#연어초밥 #연어불초밥 #연어샐러드 #사시미
#맛집 #먹스타그램 #배달스타그램 #존맛탱 #jmt"
,,salmon_don767,3일 전,2021-08-20T13:29:20.000Z,2021년 8월 20일,"2021년 8월 18일 7.1kg!

#연어앤돈부리#연어 #돈부리 #연어돈부리 #배달
#방배동 #카페골목 #배달맛집
#연어사시미 #혼술세트 #사케동 #에비동 #가츠동 #초밥
#연어초밥 #연어불초밥 #연어샐러드 #사시미
#맛집 #먹스타그램 #배달스타그램 #존맛탱 #jmt"
,,salmon_don767,3일 전,2021-08-20T13:28:35.000Z,2021년 8월 20일,"2021년 8월 13일 7.4kg!

#연어앤돈부리#연어 #돈부리 #연어돈부리 #배달
#방배동 #카페골목 #배달맛집
#연어사시미 #혼술세트 #사케동 #에비동 #가츠동 #초밥
#연어초밥 #연어불초밥 #연어샐러드 #사시미
#맛집 #먹스타그램 #배달스타그램 #존맛탱 #jmt"
대구광역시 동구 신암동 부근,https://www.instagram.com/explore/locations/1019231555/,song.s.j,3일 전,2021-08-20T12:08:06.000Z,2021년 8월 20일,"오픈2일차.
너무 감사하게도 재료소진으로 조기마감!!
지나가면서 어제 맛있다고 인사해주셔서 더 감동갬동ㅠㅠㅠㅠ
내일은 좀 더 많이 준비해서 더 많은 분들이 드실 수 있도록 더 빡세게 준비해보자.
더 땀흘리는 내일을 위해

#시노부스시 사장님 화이팅:))

#대구#동구#신암동맛집#시노부스시#당일공수원칙#밥집#숙성사시미#초밥#돈부리#후토마키#침산동#복현동#칠성동#배달맛집#포장맛집#배달의민족#행복#일상#데일리#셀카#셀피#일상#선팔#맞팔#인친#소통#좋아요"
,,narumen_ceo,3일 전,2021-08-20T10:20:12.000Z,2021년 8월 20일,"☆ 비수기 없는 일식아이템!!
+일본 라멘
☆ 높은 수익률!!
☆ 초보도 쉽게!!
소규모 소자본 창업가능!!
☆ 경쟁력 있는 배달메뉴!!
높은 배달매출
☆ 적극적인 멘토링으로 적극지원
☆ 직접만든 소스로 맛의 차별화!!
☆독창적인 인테리어
일본에 온 듯한 느낌의 인테리어
☆세련된 음식비주얼
눈으로 즐기는 음식 비주얼!!
☆빠르고 안정적인 창업
15년의 창업 노하우 제공
☆ 가맹비 X
☆ 로열티 X
● 메뉴소개
나루멘은 신선한 노르웨이 생연어만을 고집하며
일본 돈부리, 일본라멘! 일본일품요리 등
다양한 먹거리와 볼거리를 제공하고
남녀노소 모두 맛있게 즐길 수 있습니다.
가맹문의) 010 4211 0431
.
.
.
.
#가맹모집#전수창업#일식#일본라멘
#일본돈부리#라멘#돈부리#이자카야
#소자본#소규모#창업"
,,suhyeon.j87,3일 전,2021-08-20T06:28:07.000Z,2021년 8월 20일,#마이클돈부리 #상암맛집 #상암동맛집 #돈부리 #가츠동 #스테이크동 #매운가츠동 #에비동 #가라아게동 #사케동 #돈가스김치나베
,,michael_donburi,3일 전,2021-08-20T05:40:12.000Z,2021년 8월 20일,#마이클돈부리 #상암맛집 #상암동맛집 #돈부리 #가츠동 #스테이크동 #매운가츠동 #에비동 #가라아게동 #사케동 #돈가스김치나베
,,_sspc__,3일 전,2021-08-20T05:32:58.000Z,2021년 8월 20일,#먹스타그램 #돈까스 #파스타 #돈부리 #냉모밀 #쑝쑝돈까스 #맛집
청담돈,https://www.instagram.com/explore/locations/102430831665632/,eomma_saram,3일 전,2021-08-20T04:06:12.000Z,2021년 8월 20일,"_
섬에서 해산물보다 고기를 더 먹은 사람🙋🏻‍♀️
_
_
#여보랑먹으니뭘먹어도맛나네
#애들이없어서그런가🤣🤣"
,,time2rich,3일 전,2021-08-20T03:06:48.000Z,2021년 8월 20일,남은 돈까스의 멋진 변신 #집밥 #돈까스 #돈부리 #입맛저격 #맛남
Millennium Hilton Seoul,https://www.instagram.com/explore/locations/214799397/millennium-hilton-seoul/,millennium_hilton_seoul,3일 전,2021-08-20T03:06:28.000Z,2021년 8월 20일,"고소한 육즙과 탱글한 노른자의 조합🤎 포슬한 밥 위에 부드러운 스테이크가 정갈하게 올려진 #스테이크돈부리 한 그릇 어떠세요?

'구상' 구민술 셰프의 트렌디한 감각과 창의적인 레시피가 돋보이는 새로운 메뉴를 지금 바로 만나보세요!

🥢구상노사카바
• 운영시간: 매일, (12:00-14:30), 디너 (18:00-22:00)

📞예약 및 문의: 02-317-3290
___________________

Check out new lunch and izakaya dishes prepared by our very own Chef Goo at Goosan No Sakaba!

🥢Premium ingredients and creative recipes will complete your quintessential Japanese dining experience at the heart of Seoul."
,,tasty_dt,3일 전,2021-08-20T02:52:56.000Z,2021년 8월 20일,"규동
牛丼
Beef rice
#규동 #맛스타그램 #먹스타그램 #덮밥 #돈부리 #牛丼 #丼 #おいしい #韓国料理 #韓国グルメ #グルメ #koreanrestaurant #koreanfood #foodstagram #beef #gourmet"
요리미치,https://www.instagram.com/explore/locations/1020087146/,yori_michi5227,3일 전,2021-08-20T02:50:13.000Z,2021년 8월 20일,"#아카부SEA

아카부에서 나올 여름한정 사케
도수나 낮아 마시기편하고
겐슈(#原酒)답게 밀도 높은 감칠맛을
담아냄

한정사케라 소량 있어요~

#요리미치"
히사시부리,https://www.instagram.com/explore/locations/106714424833174/,hisasibooori,3일 전,2021-08-20T02:33:52.000Z,2021년 8월 20일,"돈가츠에오

#노원맛집 #상계맛집 #일식맛집 #돈부리 #돈부리맛집 #맛집스타그램 #일식스타그램 #가츠동 #갈릭가츠동 #치즈가츠동 #김치가츠동 #김치치즈가츠동 #가라아게동 #돈가츠 #생선가츠 #모듬가츠 #카레 #치킨카레 #돈가츠카레 #계란볶음밥 #김치볶음밥 #김치치즈볶음밥 #새송이가츠 #좋아요 #먹팔 #먹팔맞팔"
히사시부리,https://www.instagram.com/explore/locations/101829435330679/,ssongvvely,3일 전,2021-08-20T02:32:27.000Z,2021년 8월 20일,너의 눈코입
크레이지카츠 - CRAZY KATSU,https://www.instagram.com/explore/locations/1268455516520462/-crazy-katsu/,crazyforkatsu,3일 전,2021-08-20T02:17:14.000Z,2021년 8월 20일,"크레이지카츠 대전 상륙!!👏👏
크레이지카츠 5호점은 지금 한창 오픈 준비를 하고 있는 대전신세계백화점에서 만나실 수 있습니다. 서울/수도권 외 첫 지방 진출이기도 하고, 고향인 대전에 지점을 오픈할 수 있어 설레고 기쁩니다.

대전점도 스타필드하남점, 스타필드부천점, 롯데백화점노원점과 마찬가지로 직영점으로 운영됩니다. 합정본점에서 배우고 일해온 직원이 앞으로 대전에서 근무하며 크레이지카츠 DNA를 그대로 옮겨 심을 예정입니다. 저도 당분간 대전에 집중해 근무합니다.

합정동 작은 골목에 크레이지카츠를 오픈한지 5년이 되어갑니다. 그동안 크레이지카츠를 많이 사랑해주신 고객님들, 직원들에게 진심으로 감사합니다. 대전점도 잘 준비해 보겠습니다🙏💙

#크레이지카츠 #대전신세계 #대전신세계아트앤사이언스"
,,kuma__man,3일 전,2021-08-20T01:58:28.000Z,2021년 8월 20일,일주일간의 휴가를 끝으로 오늘부터 정상영업 시작합니다!
Gangneung,https://www.instagram.com/explore/locations/223123193/gangneung/,chodangmaka,3일 전,2021-08-20T01:34:48.000Z,2021년 8월 20일,"_

안녕하세요~ 초당마카입니다^^ 어제는 배달주문이 늘어 8시 이전에 소진된 재료가 많아 일찍 문을 닫게 되었어요.

발길 돌리신 분들 죄송해요. 충분한 설명도 못해드렸기에 더 죄송하네요.

오늘은 넉넉하게 준비해서 오픈하도록 하겠습니다^^ 이따 봬요🤗

⭐️ 포장가능/단체포장👌(50인분까지)
⭐️ 3인이상 예약문의 033) 823-0714
⭐️ 배달의민족 ON

포장주문 하실 때 픽업시간을 알려주시면 최대한 맞춰 식지않게 준비해 드리겠습니다^^ (소바포장은 팩에 육수를 따로 드려요.)

사진출처_블로그_강릉트립

#초당동에가면#순두부도있고#수제버거도있고#커피도있고#일식도있고"
카쿠레가_かくれが,https://www.instagram.com/explore/locations/544583015989563/_/,kakurega_donburi,3일 전,2021-08-20T01:33:00.000Z,2021년 8월 20일,"오늘의 추천메뉴를 공개합니다!
이제 곧 사라지게될 ㅜㅜ
여름 한정 메뉴인 소바가 없어지기전에 꼭 맛보세요!
카라아게를 사이드로 시켜서 드시면 완전 찰떡궁합! ❤️
그럼 오늘도 정성껏 준비할게요 ❤️

#카쿠레가 #무실동 #무실동맛집 #원주 #원주맛집 #강원도 #강원도맛집 #맛집 #돈부리 #돈부리맛집 #사케동 #사케동맛집 #일식 #일식맛집 #일본가정식 #텐동 #텐동맛집 #자루소바 #자루소바맛집 #소바 #소바맛집"
판교 유스페이스,https://www.instagram.com/explore/locations/19309329/,pangyo_bigfish,4일 전,2021-08-19T23:06:02.000Z,2021년 8월 20일,#빅피쉬 #판교맛집 #유스페이스맛집 #이자카야 #분당맛집 #성남맛집 #덮밥 #돈부리 #판교테크노밸리맛집 #jmt #존맛탱 #숙성회 #배라 #쿠팡이츠 #포장 #배달맛집 #사시미 #광어 #연어 #사케 #참치 #도미 #우니 #오늘뭐먹지 #점심뭐먹지 #낮술 #낮술원정대
,,homatzip,4일 전,2021-08-19T15:07:00.000Z,2021년 8월 20일,"#가츠동 #유키사키 #돈부리
과하지도 부족하지도 않은 돈까스 덮밥이었다.
출근 2주차라 긴장하면서도 맛있어서 사진은 찍어놨다.
돈부리처럼 국물에 적셔지는 튀김을 먹을 때 항상 고민에 빠진다.
튀김은 바삭해야 하는 것 아닌가?
그런데 국물에 적시면 눅눅해지는데, 그게 맞는건가?
하는 생각이 들지만 어느샌가 눅눅해진 튀김을 찾게된다.
다 먹고 나서 돈까스 김치 나베가 생각이 났다."
,,2sunny_o3o,4일 전,2021-08-19T14:28:44.000Z,2021년 8월 19일,연어 못참지
,,danmatgee,4일 전,2021-08-19T14:10:31.000Z,2021년 8월 19일,일 하다가 너무 땡겨서 배달로 #치킨가라아게동 😁😁
살구식당,https://www.instagram.com/explore/locations/105057954540023/,salgu_nomiya,4일 전,2021-08-19T12:06:42.000Z,2021년 8월 19일,"#살구식당
#오사카반찬가게살구네

『동네산책』에서 소개해주셔서
오랜만에 올려보는
나고야(名古屋)식 철판 나폴리탄 !

단골손님들 필수메뉴맞죠? 🌝

저녁에만 판매하는 메뉴라
점심에 오셨다 저녁에 다시 오신
감사한 손님도 계셨다지요 🤣🤣

쉐프는 오사카 출신인데 왜
나고야식 나폴리탄을 판매하는지
궁금해하시는 분들이 계신데요 🧐
그 이유는 기무니가 중고등학교 시절에
자주 사먹던 다방의 나폴리탄이
나고야식이었기 때문이랍니다 ☺️
살구 오리지널로 레시피로 어렌지
했지만 향수를 느끼게 하는 맛은
그대로라지요😌

홀이 많이 시원해졌어요.
나폴리탄에 하이볼 한잔 곁들이기
좋은 날씨 🌚
금토는 브레이크타임 없이 만나요:)

#나폴리탄
#사진제보감사합니다 🌜💓

#일본가정식
#돈부리 #덮밥맛집
#일본식반찬 #반찬맛집
#반찬가게 #도시락배달
#이자카야

#합정맛집#홍대맛집
#상수술집 #상수맛집
#맛스타그램 #먹스타그램
#술스타그램 #안주스타그램
#혼밥 #혼술러 #혼밥러 #혼술

#배달맛집 #상수배달 #합정배달
#ソウル在住
#在韓日本人"
Jeju,https://www.instagram.com/explore/locations/236917762/jeju/,gamza3kki,4일 전,2021-08-19T11:59:51.000Z,2021년 8월 19일,"#남은치킨활용법 #남은치킨 #남은치킨요리 #치킨돈부리 #돈부리 #덮밥 #한그릇요리

🎈울님들은 치킨 드실때 몇마리시키시나요?
다 드시나요?

😊😊
하윙하윙

오늘은 남은치킨활용요리를 들구왔어요!!😉
그치만생기는 의문..
치킨이.. 남는 음식인가...? 👀
ㅋㅋㅋㅋㅋㅋㅋㅋㅋㅋㅋ
저는 보통 한마리를 시켜서..
둘이서 다먹어오😅😅🤣🤣🤣
사이드도 꼭 시키는 대식가 🥰🥰😍

그치만 얼마전.. 연이은 치킨실패로..
(투머치 눅눅&기름 늨기.. 믿엇던 ㅂㅂㅋ의 배신..🥲)
꼭 원하는 그맛을 먹겠다며 3일 내리 치킨을...ㅋㅋㅋㅋㅋㅋㅋㅋㅋㅋㅋㅋ
ㅋㅋㅋㅋㅋㅋㅋㅋ
닭냄세도 못맡겠어요 죽게써효🥲🥲🥲🥲
그럼에도 마지막까지 실패했던 황올덕에 ㅠㅠ(이게말이됩늬까 ㅠㅠ)
거의 한입만먹고 방치한 너란아이..

오늘 저녁한끼가되었답니다😊🥰
#머거머거헤이머거머거

🎈#치킨돈부리레시피
재료: 남은치킨 3분의 2마리, 양파 1개, 계란 4알, 간장, 미림, 매실액, 설탕조금, 파, 물(멸치육수면 ❣), 순후추
1. 치킨은 뼈 빼고 잘게 찢어주세요! 이과정에서 과한 튀김껍질은 저는 뺐어요 ㅠㅠ
양파는 0.5센티정도두깨로 썰어주세요
파는 고명올리듯올릴거라 송송 썰어주세요
2. 양파를 볶아주다가, 치킨넣고 같이볶아주세요 치킨이 어느정도 볶아지면(기름이빠지고 살이부드러워질때즘..) 미림 반국자넣고 센불에 냄세날려줬어요
3. 간장 반국자, 매실액 3스푼, 설탕 반스푼 넣고 멸치육수 종이컵한컵 반 붓고 자작자작 끓여주세요 (물대체가능) ..
개량사실그냥 눈대중으로해서 정확하지가않네요🙄🙄
4. 계란 4알을 그릇에 잘 풀어주세요.
치킨과 양파가 간장물먹고 맛잇는 갈색빛이 돌면, 팬에 최대한 넓고 고르게 펴서, 계란을 고루 풀어주세요
5. 계란 휘젓지마세오🎈 전 양이 워낙많아서 조금 뒤적이기만했어요!
후추 솔솔 파 올린 후, 계란이 60프로정도만익었을때 불을 꺼주세요
6. 맛있는 밥에 만들어진 돈부리 올려 먹으면 끝!😉❣

아니.
이거먹기위해서라도 치킨남겨주세요.
완전 별미❣ 일식덮밥집에서먹는것보다 맛있는(것만같은) 돈부리 완성❤❤

계란은 60프로만익어도 밥위에서, 밥에뜨는동안 잔열로 익으니.. 절대ㅜ너무익히지마세요!!

오늘 나름성공적이지만 다음에는 국물 조금더 낭낭하게있는 돈부리 하겠어요..❤
부드러운 계란과 간장풍미 머금은 양파가 치킨과 어우러져 새로운 요리가 되는 맛❤
느끼하기만했던 튀김부스러기들은 간장소스에 스며들어 고소한맛을 가미시켜주는것같네요🤩🤩😃🤭

목요일이네요
내일 불금에먹는치킨은 조금 남겨보심이 어떨까요? 😊😊❤"
Hanam,https://www.instagram.com/explore/locations/278435314/hanam/,jmisato,4일 전,2021-08-19T11:42:59.000Z,2021년 8월 19일,"아빠표 여름방학요리 (16)

돈부리덮밥

1. 간장, 물, 설탕, 양파, 파, 계란 넣고 소스 만들기
2. 마트표 돈가스 튀기기
3. 밥 위에 돈가스, 소스 넣어 완성

#돈부리 #돈가스 #아빠요리 #koreanfood style #돈부리덮밥 #덮밥 #저녁메뉴"
,,lovelyjjan,4일 전,2021-08-19T10:56:54.000Z,2021년 8월 19일,"요즘 1일 1 #돈부리
#닭가슴살 로 만든
#오야꼬동
맛이 없진 않은데,
닭가슴살이라 퍽퍽함
역시 안심이나 다리살로 만들어야 하나 봄"
신림역,https://www.instagram.com/explore/locations/159150961556078/,guten_taaag,4일 전,2021-08-19T10:55:50.000Z,2021년 8월 19일,"카레 땡기는 신림 사람 여기여기 모여라 #아비꼬 #신림
100시간의 마음과 정성으로 모시겠습니다 🍛
.
#카레 #카레우동 #크림카레파스타 #하야시라이스 #토핑 #매움 #돈부리 등 다양한 메뉴가 함께 하는 아비꼬 커리 😌
.
간단하게 먹기도 좋고 맥주와 함께라면 한 끼 식사 끝! 매콤칼칼한 맛있는 커리 드시러 아비꼬로 오세요🥰 신림역 4번 출구 도보 2분!"
,,lovelyjjan,4일 전,2021-08-19T10:42:47.000Z,2021년 8월 19일,"오늘의 #돈부리
#돼지고기덮밥 #부타동
저렴한 뒷다리살로 불향입히고 졸여서 만듬
완전 맛있는 맛"
,,bee_ruya,4일 전,2021-08-19T09:59:41.000Z,2021년 8월 19일,"요즘 들어 마제의 인기가 부쩍 높아졌네요!!🤟
노른자 부터 톡 터트려서 쒰쒰 비벼주세여😆
💕
비루야는 오늘 준비된 재료가 소진된 관계로
지금 계신 분들을 끝으로 영업 종료하겠습다😢
늘 감사합니다!!!🙏🙏"
,,minkong._.eat,4일 전,2021-08-19T09:50:42.000Z,2021년 8월 19일,"#돈부리 #돈까스덮밥 🐷🍚⠀⠀
저번에 릴스로 보여드린 ⠀⠀
등심통돈까스로 만든 돈부리에요 🧡⠀⠀
⠀⠀
✏️ 돈까스, 양파 반개, 간장4술, 설탕3술, 소금 약간, 물1컵, 쌀 반컵
⠀⠀⠀
수제돈까스처럼 여러번 치대서⠀⠀
두껍운 두께와 부드러움을 동시에 가진⠀⠀
등심통돈까스 에요 💗⠀⠀
⠀⠀⠀
이미 튀겨나온 돈까스라 ⠀⠀
따로 튀길 필요도 없답니다 !⠀⠀
더운 여름에 불 쓰기 싫잖아요 🤪⠀⠀⠀
⠀⠀
이 레시피 강추강추 =͟͟͞͞♡ ⠀⠀
⠀
*위 상품을 소개하면서 롯데푸드에서 제품을 지원받았습니다.⠀⠀⠀⠀
⠀⠀⠀
#히든서포터즈 #에어프라이어레시피 #친환경패키지"
,,huhs_activity,4일 전,2021-08-19T05:51:01.000Z,2021년 8월 19일,"#광고 Chefood 통돈까스 활용법 : 돈까스 덮밥 🍲

Chefood 등심통돈까스로 집에서 돈까스 덮밥, 가츠동을 만들어봤어요
바삭한 돈까스를 좀더 촉촉하게 즐기고 싶을 때 아주 딱👩🏻‍🍳
자취생이라 집에 있는 재료로만 했는데 넘 맛있어서 깜짝 놀랐어욧
돈까스가 맛있어서 그런듯 😎

재료: 통돈까스, 양파, 계란, 간장, 설탕, 후추

통돈까스 에어프라이어에 18분 돌리기 -> 물 3/4컵 넣고 끓이기 -> 간장 2스푼 -> 설탕 1스푼 -> 후추 톡톡 -> 보글보글 끓으면 양파 넣기 -> 어느정도 끓으면 튀겨 놓은 돈까스를 잘 잘라 가지런히 넣기 -> 계란 풀어서 한바퀴 둘러주고 조금 기다리면 완성 🍲

#히든서포터즈 #에어프라이어레시피 #통돈까스"
"Daegu, South Korea",https://www.instagram.com/explore/locations/102159636493202/daegu-south-korea/,hwajeon_donburi,4일 전,2021-08-19T05:38:47.000Z,2021년 8월 19일,"코로나시대 핫한 창업소식
상생하는 화전돈부리 본사가
힘든 가맹점주님들께 부담은 덜어드리고
힘이되어 드립니다
부담없이 문의주세요
ㆍ
#돈부리#화전돈부리#대구맛집#볶음김치규동#덮밥#덮밥맛집#배달의민족#배민#점심스타그램#좋반#먹스타그램#존맛#샵인샵#창업#수성구맛집#상인동맛집#미슐랭#돈부리맛집#배달
#코로나창업#팔로우#샵인샵창업#밥집#창업아이템"
엽기떡볶이 평택점,https://www.instagram.com/explore/locations/275394157/,muk_beeeen,4일 전,2021-08-19T05:02:40.000Z,2021년 8월 19일,"[엽기떡볶이 & 돈부리 편]
_
안녕하세요! 오늘은 점심으로 집에서 엽떡을 시켜먹었어요! 엽떡은 정말 언제 먹어도 맛있네…🤤
엽떡말고 다른메뉴는 안시켜서 집에있는 치즈 돈까스랑 등심돈까스로 돈부리도 해서 같이 먹었습니당😍 정말 최고의 조합..ㅎㅎ
_
여러분 맛점 하셨나요?! 점점 날씨가 선선해지는것 같아서 기분이 좋네요:)
인친님들도 오늘도 좋은 하루되세용🧑🏻‍🌾
_
#엽떡 #엽기떡볶이 #배달음식 #떡볶이 #치즈돈까스 #등심돈까스 #돈부리 #집밥 #점심 #점심메뉴 #매운음식 #맛집 #혼밥 #맛스타그램 #먹스타그램 #먹팔 #맛집스타그램 #맞팔 #일상 #데일리 #자취요리 #소통 #평택 #안양 #수원 #평택맛집"
살구식당,https://www.instagram.com/explore/locations/101910438553173/,salgu_nomiya,4일 전,2021-08-19T03:33:58.000Z,2021년 8월 19일,"#살구식당
#오사카반찬가게살구네

#동네산책

스무살에 도쿄로 떠나
일본을 왔다갔다 하면서 생활했던
이십대와 결혼 후 오사카 생활.
그 사이사이에 머물며 일도 하고
좋은 사람들도 만났던,
그리고 다시 돌아오게 된 이곳.
그래서 가장 정감가고 맘편해지는
동네기도 하지요 😌

서교동 집에서 가게까지
우리동네 산책길을
매거진 『동네산책』과 함께 했어요 🥰
평소 부끄럼쟁이라 사진을 찍는일이
거의 없어 부끄럽지만
살구식당과 산책길에 위치한
맛있는 빵집 이야기가 실려있어요.
가게에 방문하시거든
살짝 한부씩 가져가주셔요🥺

@dnsc.kr
@moonjukang

예쁘게 담아주셔서 감사합니다:)

더위도 한풀 꺾이고
홀에서 맥주한잔이 기분좋은 오후,
오늘도 10시까지 열려있어요☺️

#일본가정식
#돈부리 #덮밥맛집
#일본식반찬 #반찬맛집
#반찬가게 #도시락배달
#이자카야

#합정맛집#홍대맛집
#상수술집 #상수맛집
#맛스타그램 #먹스타그램
#술스타그램 #안주스타그램
#혼밥 #혼술러 #혼밥러 #혼술

#배달맛집 #상수배달 #합정배달
#ソウル在住
#在韓日本人"
Gangneung,https://www.instagram.com/explore/locations/223123193/gangneung/,chodangmaka,4일 전,2021-08-19T02:54:56.000Z,2021년 8월 19일,"_

안녕하세요~ 초당마카입니다^^ 해질녁 마카는 더욱 운치있어져요.

몇 주간 신메뉴를 선보이려고 이것저것 많이 시도해보고 연습도 해왔는데요. 곧 선보일 수 있을 것 같아요~

초당마카의 신메뉴 기대해주세요😉
오늘도 맛점, 맛저하러 마카로 마카모예~!!~~~!!

#일식#덮밥맛집#신메뉴개발중"
,,khb4050,4일 전,2021-08-19T02:37:16.000Z,2021년 8월 19일,".
.
.
오랜만에 저녁 해먹기
⠀
돈부리 & 가리아게
⠀
#homecooking
#homecook
⠀
#돈부리
#가리아게
⠀
#역시튀김은기름에
#뒤처리는 🤦‍♀️
⠀
#맛있어하니뿌듯 😄"
,,haru_ensoku_,4일 전,2021-08-19T01:42:47.000Z,2021년 8월 19일,"안녕하세요 하루엔소쿠입니다.

하루엔소쿠가 제작지원하는 SBS 일일드라마 아모르 파티 - 사랑하라, 지금

오늘 89회 다들 보셨나요??? 못 보신 분들을 위한 줄거리↓

장회장(김종구)이 준호(박형준)와 자신을 이혼시킬 거란 걸 알게 되는 유나(배슬기). 라라그룹을 삼킬 계획에 차질이 생겨 불안해지는 유나. 유나는 결국, 눈물로 준호에게 읍소해 드디어 라라그룹 지분을 대거 취득하게 되는데...

하루하루 기대되는 아모르파티와 자꾸만 먹고 싶은 하루엔소쿠

많이 많이 사랑해 주세요♡"
,,haya.4200,4일 전,2021-08-19T01:29:09.000Z,2021년 8월 19일,#인친#맞팔#선팔#맛집#강원도#강릉#경포#신혼#사시미#돈부리#참치
판교 유스페이스,https://www.instagram.com/explore/locations/19309329/,pangyo_bigfish,4일 전,2021-08-19T01:21:36.000Z,2021년 8월 19일,#빅피쉬 #판교맛집 #유스페이스맛집 #이자카야 #분당맛집 #성남맛집 #덮밥 #돈부리 #판교테크노밸리맛집 #jmt #존맛탱 #숙성회 #배라 #쿠팡이츠 #포장 #배달맛집 #사시미 #광어 #연어 #사케 #참치 #도미 #우니 #오늘뭐먹지 #점심뭐먹지 #낮술 #낮술원정대 우니 천국 빅피쉬
판교 유스페이스,https://www.instagram.com/explore/locations/19309329/,therockbowler,4일 전,2021-08-19T01:21:32.000Z,2021년 8월 19일,#빅피쉬 #판교맛집 #유스페이스맛집 #이자카야 #분당맛집 #성남맛집 #덮밥 #돈부리 #판교테크노밸리맛집 #jmt #존맛탱 #숙성회 #배라 #쿠팡이츠 #포장 #배달맛집 #사시미 #광어 #연어 #사케 #참치 #도미 #우니 #오늘뭐먹지 #점심뭐먹지 #낮술 #낮술원정대 우니 천국 빅피쉬
판교 유스페이스,https://www.instagram.com/explore/locations/19309329/,pangyo_bigfish,5일 전,2021-08-19T01:20:31.000Z,2021년 8월 19일,#빅피쉬 #판교맛집 #유스페이스맛집 #이자카야 #분당맛집 #성남맛집 #덮밥 #돈부리 #판교테크노밸리맛집 #jmt #존맛탱 #숙성회 #배라 #쿠팡이츠 #포장 #배달맛집 #사시미 #광어 #연어 #사케 #참치 #도미 #우니 #오늘뭐먹지 #점심뭐먹지 #낮술 #낮술원정대 포장도 빅피쉬
판교 유스페이스,https://www.instagram.com/explore/locations/19309329/,therockbowler,5일 전,2021-08-19T01:20:27.000Z,2021년 8월 19일,#빅피쉬 #판교맛집 #유스페이스맛집 #이자카야 #분당맛집 #성남맛집 #덮밥 #돈부리 #판교테크노밸리맛집 #jmt #존맛탱 #숙성회 #배라 #쿠팡이츠 #포장 #배달맛집 #사시미 #광어 #연어 #사케 #참치 #도미 #우니 #오늘뭐먹지 #점심뭐먹지 #낮술 #낮술원정대 포장도 빅피쉬
판교 유스페이스,https://www.instagram.com/explore/locations/19309329/,pangyo_bigfish,5일 전,2021-08-19T01:18:05.000Z,2021년 8월 19일,#빅피쉬 #판교맛집 #유스페이스맛집 #이자카야 #분당맛집 #성남맛집 #덮밥 #돈부리 #판교테크노밸리맛집 #jmt #존맛탱 #숙성회 #배라 #쿠팡이츠 #포장 #배달맛집 #사시미 #광어 #연어 #사케 #참치 #도미 #우니 #오늘뭐먹지 #점심뭐먹지 #낮술 #낮술원정대 #고로케 #낮술하니까얼마나좋아요
판교 유스페이스,https://www.instagram.com/explore/locations/19309329/,therockbowler,5일 전,2021-08-19T01:18:01.000Z,2021년 8월 19일,#빅피쉬 #판교맛집 #유스페이스맛집 #이자카야 #분당맛집 #성남맛집 #덮밥 #돈부리 #판교테크노밸리맛집 #jmt #존맛탱 #숙성회 #배라 #쿠팡이츠 #포장 #배달맛집 #사시미 #광어 #연어 #사케 #참치 #도미 #우니 #오늘뭐먹지 #점심뭐먹지 #낮술 #낮술원정대 #고로케 #낮술하니까얼마나좋아요
판교 유스페이스,https://www.instagram.com/explore/locations/19309329/,pangyo_bigfish,5일 전,2021-08-19T01:13:51.000Z,2021년 8월 19일,#빅피쉬 #판교맛집 #유스페이스맛집 #이자카야 #분당맛집 #성남맛집 #덮밥 #돈부리 #판교테크노밸리맛집 #jmt #존맛탱 #숙성회 #배라 #쿠팡이츠 #포장 #배달맛집 #사시미 #광어 #연어 #사케 #참치 #도미 #우니 #오늘뭐먹지 #점심뭐먹지 #낮술 #낮술원정대 #초심 #사케 국산 사케 초심 입니다
판교 유스페이스,https://www.instagram.com/explore/locations/19309329/,therockbowler,5일 전,2021-08-19T01:13:45.000Z,2021년 8월 19일,#빅피쉬 #판교맛집 #유스페이스맛집 #이자카야 #분당맛집 #성남맛집 #덮밥 #돈부리 #판교테크노밸리맛집 #jmt #존맛탱 #숙성회 #배라 #쿠팡이츠 #포장 #배달맛집 #사시미 #광어 #연어 #사케 #참치 #도미 #우니 #오늘뭐먹지 #점심뭐먹지 #낮술 #낮술원정대 #초심 #사케 국산 사케 초심 입니다
카쿠레가_かくれが,https://www.instagram.com/explore/locations/544583015989563/_/,kakurega_donburi,5일 전,2021-08-19T01:06:06.000Z,2021년 8월 19일,"오늘도 무엇을 먹을지 고민이라구요?
저희가 오늘의 메뉴를 추천해드려요!
오늘은 통통한 베이컨과 함께 먹는 크림 우동이 어떠세요? 😍
신기하게도 전혀 느끼하지 않고 맛있걸요? ❤️
오늘도 열심히 준비하겠습니다 👏🏻

#카쿠레가 #무실동 #무실동맛집 #원주 #원주맛집 #강원도 #강원도맛집 #맛집 #돈부리 #돈부리맛집 #사케동 #사케동맛집 #일식 #일식맛집 #일본가정식 #텐동 #텐동맛집 #자루소바 #자루소바맛집 #소바 #소바맛집"
,,lovelyjjan,5일 전,2021-08-18T22:14:20.000Z,2021년 8월 19일,"#연어장 만들어서
#사케동 만들기
#돈부리 쉽고, 맛있어
완전 꿀 맛"
,,chanchallen,5일 전,2021-08-18T15:18:15.000Z,2021년 8월 19일,"실험요리 - 꿔바로우동
돈까스를 올린 가츠동도 있는데 꿔바로우라고 못 할까

#자취요리 #돼지고기 #돼지고기요리 #탕수육 #꿔바로우 #돈부리 #덮밥"
,,and_eight,5일 전,2021-08-18T12:31:11.000Z,2021년 8월 18일,".
안녕하세요 선장입니다
몇년 전에 처음 부타동을 선보였을 때부터
여러분의 맛있는 집밥을 위해
부타동 소스를 따로 판매하고 싶었는데요
이번에 한번 해보겠습니다
다른 키트들처럼 계속 상시 판매가 아닌
2021년은 이번 한번만 판매합니다
.
천연재료로 장시간 끓여서 만듭니다
추석때까지는 계속 물가가 오를 예정이라
펀딩처럼 미리 주문 받아서 부자재와 전체 수량을 파악하고
추석 이후 물가가 안정 되면 접수 순서대로 순차 발송 합니다
.
500ml 한병 혹은 두병까지만 구매 가능하며
500ml면
짜게 드시는 분이 삼겹살 세장으로 드실 경우 6회 정도
보통 간으로 드실 분은 7-8회로 드실 수 있습니다
개인의 기호와 고기, 밥의 양에 따라 달라집니다
.
@and_buta
위 계정의 프로필에 구매 링크가 있습니다
18일부터 22일까지만 주문 접수 받습니다
기다려 주셔서 감사합니다👶🏻
.
.
.
#그리고8 #부타동 #부타동소스 #부타동타레 #서울맛집 #돈부리 #돈부리소스 #덮밥 #덮밥소스 #집콕 #집밥 #집밥스타그램 #소스"
,,and_buta,5일 전,2021-08-18T12:31:07.000Z,2021년 8월 18일,".
안녕하세요 선장입니다
몇년 전에 처음 부타동을 선보였을 때부터
여러분의 맛있는 집밥을 위해
부타동 소스를 따로 판매하고 싶었는데요
이번에 한번 해보겠습니다
다른 키트들처럼 계속 상시 판매가 아닌
2021년은 이번 한번만 판매합니다
.
천연재료로 장시간 끓여서 만듭니다
추석때까지는 계속 물가가 오를 예정이라
펀딩처럼 미리 주문 받아서 부자재와 전체 수량을 파악하고
추석 이후 물가가 안정 되면 접수 순서대로 순차 발송 합니다
.
500ml 한병 혹은 두병까지만 구매 가능하며
500ml면
짜게 드시는 분이 삼겹살 세장으로 드실 경우 6회 정도
보통 간으로 드실 분은 7-8회로 드실 수 있습니다
개인의 기호와 고기, 밥의 양에 따라 달라집니다
.
@and_buta
위 계정의 프로필에 구매 링크가 있습니다
18일부터 22일까지만 주문 접수 받습니다
기다려 주셔서 감사합니다👶🏻
.
.
.
#그리고8 #부타동 #부타동소스 #부타동타레 #서울맛집 #돈부리 #돈부리소스 #덮밥 #덮밥소스 #집콕 #집밥 #집밥스타그램 #소스"
,,delivery_go_8,5일 전,2021-08-18T12:31:02.000Z,2021년 8월 18일,".
안녕하세요 선장입니다
몇년 전에 처음 부타동을 선보였을 때부터
여러분의 맛있는 집밥을 위해
부타동 소스를 따로 판매하고 싶었는데요
이번에 한번 해보겠습니다
다른 키트들처럼 계속 상시 판매가 아닌
2021년은 이번 한번만 판매합니다
.
천연재료로 장시간 끓여서 만듭니다
추석때까지는 계속 물가가 오를 예정이라
펀딩처럼 미리 주문 받아서 부자재와 전체 수량을 파악하고
추석 이후 물가가 안정 되면 접수 순서대로 순차 발송 합니다
.
500ml 한병 혹은 두병까지만 구매 가능하며
500ml면
짜게 드시는 분이 삼겹살 세장으로 드실 경우 6회 정도
보통 간으로 드실 분은 7-8회로 드실 수 있습니다
개인의 기호와 고기, 밥의 양에 따라 달라집니다
.
@and_buta
위 계정의 프로필에 구매 링크가 있습니다
18일부터 22일까지만 주문 접수 받습니다
기다려 주셔서 감사합니다👶🏻
.
.
.
#그리고8 #부타동 #부타동소스 #부타동타레 #서울맛집 #돈부리 #돈부리소스 #덮밥 #덮밥소스 #집콕 #집밥 #집밥스타그램 #소스"
,,happy_happyaa,5일 전,2021-08-18T11:56:48.000Z,2021년 8월 18일,"#먹스타그램

#모리식당 #재택근무 #에비가츠동 #가츠동 #돈부리
#グルメ #食べログ #食べスタグラム #カツ丼 #海老カツ丼
#丼ぶり #在宅勤務
#instafood #instagood #foodstagram"
Samsung Raemian Gangdong Palace Office Tower,https://www.instagram.com/explore/locations/1872561746349025/samsung-raemian-gangdong-palace-office-tower/,barambi_42,5일 전,2021-08-18T11:35:25.000Z,2021년 8월 18일,#첫줄 오늘 어미니 검진 있으셔서 주차하고 집근처 #단골집 #안녕식당 #혼밥 중 #김치돈부리 #돈부리맛집 #돈부리 #천호로데오맛집 #먹팔 #먹방 #먹부림 #먹스타그램 #맛스타그램 #일상 #좋아요
,,m.lalalay,5일 전,2021-08-18T11:17:15.000Z,2021년 8월 18일,"건강식 챙기는 버섯덮밥

#거창여행"
안녕식당,https://www.instagram.com/explore/locations/595496957/,uncle_tj41,5일 전,2021-08-18T11:15:17.000Z,2021년 8월 18일,#첫줄 오늘 어미니 검진 있으셔서 주차하고 집근처 #단골집 #안녕식당 #혼밥 중 #김치돈부리 #돈부리맛집 #돈부리 #천호로데오맛집 #먹팔 #먹방 #먹부림 #먹스타그램 #맛스타그램 #일상 #좋아요
판교 유스페이스,https://www.instagram.com/explore/locations/19309329/,pangyo_bigfish,5일 전,2021-08-18T11:06:13.000Z,2021년 8월 18일,#빅피쉬 #판교맛집 #유스페이스맛집 #이자카야 #분당맛집 #성남맛집 #덮밥 #돈부리 #판교테크노밸리맛집 #jmt #존맛탱 #숙성회 #배라 #쿠팡이츠 #포장 #배달맛집 #사시미 #광어 #연어 #사케 #참치 #도미 #우니 #오늘뭐먹지 #점심뭐먹지 #낮술 #낮술원정대 #명란아보카도
판교 유스페이스,https://www.instagram.com/explore/locations/19309329/,therockbowler,5일 전,2021-08-18T11:06:09.000Z,2021년 8월 18일,#빅피쉬 #판교맛집 #유스페이스맛집 #이자카야 #분당맛집 #성남맛집 #덮밥 #돈부리 #판교테크노밸리맛집 #jmt #존맛탱 #숙성회 #배라 #쿠팡이츠 #포장 #배달맛집 #사시미 #광어 #연어 #사케 #참치 #도미 #우니 #오늘뭐먹지 #점심뭐먹지 #낮술 #낮술원정대 #명란아보카도
,,cooking_spoon,5일 전,2021-08-18T10:16:58.000Z,2021년 8월 18일,"쿠킹스푼

오랜만에
#돈부리

냉동실에 얼려둔
돈가스 꺼내 튀기고
쿠킹스푼 #쯔유에
물 희석해서
양파채. 대파 넣고
바글바글 끓으면
달걀풀어 넣고 한소끔
더 끓이고
고슬하게 지은밥에
돈가스랑 올려
미역국이랑
점심으로
맛있게 먹었어요 🍲🥣🍛

#쿠킹스푼
#스텝밀
#cookingspoon
#cookingclass
#onthetable"
,,goodfood5785,5일 전,2021-08-18T09:42:03.000Z,2021년 8월 18일,#타쿠미#평택맛집#졸라맛집#열라맛집#존맛탱#에비동#치킨동#돈부리#냉우동
,,letmeintroducemysauce,5일 전,2021-08-18T03:49:10.000Z,2021년 8월 18일,"국내산 재료로 직접 만든 마시따 쯔유❣
18일부터 19일 오전까지 저렴한 가격에 가치삽시다에서 만나보실수 있습니다."
강북구 미아동,https://www.instagram.com/explore/locations/102016424736630/,hjm1847,5일 전,2021-08-18T03:42:00.000Z,2021년 8월 18일,"방문해 주셔서 감사합니다^^

#오늘식당 #일본가정식 #미아사거리밥집 #미아사거리맛집 #미아밥집 #사케동 #연어 #돈부리
#가츠동 #짬뽕 #일식 #먹스타그램 #먹방"
,,kimho0429,5일 전,2021-08-18T03:21:26.000Z,2021년 8월 18일,"#스타필드고양#돈부리#어묵우동
오늘은 아들과 스타필드에서 점심을.,"
,,3ikiyyy_,5일 전,2021-08-18T02:49:53.000Z,2021년 8월 18일,"poke bowl
⁡
マグロが手に入らず
⁡
サーモン🐟とアボカド🥑でポケ丼
⁡
うまうま😋
⁡
ハワイ行きたい…🥺
⁡
⁡
⁡
#ポケ #ポキ #ポケ丼 #サーモンアボカド #ハワイ丼 #pokebowl #お家ご飯 #ランチ #日常 #집밥 #연어아보카도 #하와이돈부리 #돈부리 #점심 #일상
⁡
⁡
⁡
⁡
⁡
⁡
⁡
⁡
⁡"
아워카츠,https://www.instagram.com/explore/locations/105029214622411/,ourkatsu,5일 전,2021-08-18T01:47:54.000Z,2021년 8월 18일,"오늘도 정상 영업합니다.
항상 신선한 도드람 생등심을 손질하여 숙성후 제공해드리고있습니다.
믿고 많은 방문 부탁드립니다. 😚😚
저희 매장에 입장하실때에는 마스크 착용 부탁드립니다. 😷😷

▪️하남시 미사강변동로 73 203호
▪️미사역 9번출구 도보 1분 거리
▪️11am-9pm (브레이크타임 3-5pm, 주말 브레이크 없음)배달은 브레이크 타임에도 가능!!
▪️월요일 정기 휴무
▪️전메뉴 포장 🥡 / 배민, 쿠팡이츠 배달 🚗 가능
▪️070 8823 7996 📞"
카쿠레가_かくれが,https://www.instagram.com/explore/locations/544583015989563/_/,kakurega_donburi,6일 전,2021-08-18T00:39:38.000Z,2021년 8월 18일,"사랑하는 저희 카쿠레가 손님! 3년동안 꾸준히 사랑해 주셔서 감사해요 어디를 가시든 항상 행복하시고 건강하세요 ❤️
다음에 기회에도 변함없는 맛으로 기다릴게요 ❤️
그리고 다른 이름 모를 손님들의 기대이 부응하는 저희가 되겠습니다❤️
오늘도 모두 화이팅! 🤩

#카쿠레가 #무실동 #무실동맛집 #원주 #원주맛집 #강원도 #강원도맛집 #맛집 #돈부리 #돈부리맛집 #사케동 #사케동맛집 #일식 #일식맛집 #일본가정식 #텐동 #텐동맛집 #자루소바 #자루소바맛집 #소바 #소바맛집"
"Daegu, South Korea",https://www.instagram.com/explore/locations/102159636493202/daegu-south-korea/,lllhyeonjeonglll,6일 전,2021-08-17T22:34:37.000Z,2021년 8월 18일,"#도시락
#돈부리 - 아들것
#토마토감자스프 -내것

아침 저녁으로 이제 많이 선선해 졌어요 여름의 끝일까요"
경남 거창군 거창읍,https://www.instagram.com/explore/locations/271256669/,byukdam,6일 전,2021-08-17T21:37:59.000Z,2021년 8월 18일,"덮밥맛집 치즈맛집 벽담입니다🙇🏻‍♂️🙇🏻‍♂️

벽담의 최고 인기 메뉴🤤🤤
치즈가츠와 새우튀김의 조합이라니😖😖
안먹어 본 사람은 있어도
한번만 먹은 사람은 없다!!😍😍

오늘도 맛있게 준비해두겠습니다🤗🤗

---------------
0559437932 🖖🏻🖖🏻
포장이나 방문 하시기 전에
전화로 메뉴와 도착시간
알려주시면 최대한 시간에 맞춰서
준비하도록 하겠습니다🙇🏻‍♂️🙇🏻‍♂️🙇🏻‍♂️
(홀의 상황에 따라 약간의
시간차이는 있을 수 있습니당😊)
------------------------------------------
#거창 #벽담 #일본가정식
#거창맛집 이고픈 #거창밥집
#월간벽담 #오늘도화이팅
#대구 #함양 #합천 #산청 #경남 #무주
#foodie #맛집 #먹스타그램
#점심 #lunch  #丼 #치즈믹스동
#돈부리 #사풀인풀"
탐광,https://www.instagram.com/explore/locations/100888231615688/,it.plate,6일 전,2021-08-17T16:01:02.000Z,2021년 8월 18일,"탐광 _ 성수

뉴 에비가츠동 13,000

open 11:30 - 21:00 everyday
break time 15:00-17:00
last order 20:30

자꾸자꾸 생각나는 맛..🥺
밥이랑 소스 부족하면 말하라고 하셨는데 보기보다 양이 많아서 배불렀어요
새우튀김 완전 바삭하고 통통해요🍤
4천원 추가하면 2피스 더 많은 에비에비카츠동도 주문 가능합니다!
하지만 무엇보다 너무너무 맛있었던 오믈렛!!!! 🍳!!!
계란 이불 완전 두툼하고 부드러운 게 이거랑만 먹어도 맛있을 맛..
아래 돈카츠도 맛있고 재방문 의사 무조건이에요!

평점(5점 만점): 🌿🌿🌿🌿

🌿🌿🌿 가까우면 먹어볼 곳
🌿🌿🌿🌿 한 번은 먹어볼 곳
🌿🌿🌿🌿🌿 무조건 또 먹을 곳
이 이하는 기록 안 합니다☺️"
,,eun_mi.97,6일 전,2021-08-17T14:26:12.000Z,2021년 8월 17일,"#오늘 #동생이랑 #시내서 #펌프하고 #인형뽑기🕹 #점심먹고 #돈부리 #노래방 #방탈출

꺅 오늘 좋았다!
초반에 빼고ㅋㅋㅋㅋㅋㅋㅋㅋㅋㅋㅋ"
,,michael_donburi,6일 전,2021-08-17T12:49:05.000Z,2021년 8월 17일,"매운로제소스
손님 시식평 매운치토스맛 같아요🤔

#마이클돈부리 #상암맛집 #상암동맛집 #돈부리 #가츠동 #스테이크동 #매운가츠동 #에비동 #가라아게동 #사케동 #돈가스김치나베"
우리집부엌,https://www.instagram.com/explore/locations/522381465/,junghyeji4860,6일 전,2021-08-17T11:42:50.000Z,2021년 8월 17일,"#신랑밥상 🍛

#가츠동
#김치찌개

🐷🤎

/
#돈까스덮밥 #덮밥 #돈부리 #일식 #저녁밥상 #저녁 #메뉴 #저녁 #손맛 #요리 #요리스타그램 #가정식 #오늘메뉴 #삼시세끼 #먹방 #먹스타#먹스타그램 #음식스타그램 #음식사진#맛있는사진 #쿠킹스타그램  #집밥 #homecooking #플레이팅 #일상사진 #일상기록 #공유"
ポークビンダルー食べる副大統領,https://www.instagram.com/explore/locations/100100281869459/,circuit___breaker,6일 전,2021-08-17T08:24:59.000Z,2021년 8월 17일,#돈부리 차단
,,kitchenette_official,6일 전,2021-08-17T08:15:23.000Z,2021년 8월 17일,"*
일본 아리타 지역에서 전문 도공들이 정성껏 만든
고퀄리티의 뚜껑 #돈부리볼 2종 입니다.

뚜껑이 함께 포함되어 있는 제품이라
요즘 같이 쌀쌀해 지는 날씨
음식을 보다 따뜻하게 즐기실 수 있어요.

지금 키치네트에서 만나보세요.
.
.
.
.
.
프로필의 링크를 클릭해 주세요!"
,,haru_ensoku_,6일 전,2021-08-17T06:50:18.000Z,2021년 8월 17일,"안녕하세요. 하루엔소쿠입니다^^

▶하루엔소쿠 야들야들 우동 추르릅◀

프리미엄 사누끼 우동면과 100년 전통의 일본 쯔유를 사용하여 더욱 정성스런 맛을 선보이는 하루엔소쿠 우동

① 사누끼우동(4,500원) : 탱글탱글한 사누끼면과 함께 즐기는 뜨끈한 가쓰오 우동국물

② 새우튀김우동(6,500원) : 바삭하게 튀겨낸 새우와 함께 즐기는 사누끼우동

③ 돈카츠야끼우동(8,000원) : 불맛을 입힌 매콤한 야끼우동과 함께 즐기는 돈카츠

※일본정통 다가수 숙성 방식으로 만들어 더 쫄깃하고 부드러운 사누끼우동 (여기서 다가수 숙성이란? 150m 지하 암반수로 최적의 온습도에서 제면해 면을 쫄깃하고 부드럽게 만드는 방식)"
스밀,https://www.instagram.com/explore/locations/110001847903021/,_s_meal,6일 전,2021-08-17T04:19:21.000Z,2021년 8월 17일,"⠀
사바사바 시메사바
⠀
제 손보다 큰 고등어가 들어왔습니다.
잘 손질해서
⠀
시메사바
곧 선보이겠습니다.
⠀
⠀"
,,hyem_0619,6일 전,2021-08-17T04:18:51.000Z,2021년 8월 17일,"좋아해서 자주 먹던 돈부리
오랜만에 갔는데 맛이 변했다🤦‍♀️

혼밥 하기도 좋은 곳이었는데 아쉽네.
이제 다른 밥집을 찾아봐야지"
,,diylove_farm,6일 전,2021-08-17T04:09:34.000Z,2021년 8월 17일,"점심은 집에서
소고기덮밥 일명 돈부리

재놓은 불고기 조금썰고 만능간장에 물쬐금 그리고
달걀 퍽퍽 ᆢ
그런데로 먹을만합니다^^
ㆍ
ㆍ
ㆍ
ㆍ
ㆍ
ㆍ
#소고기덮밥 #돈부리
#오늘점심 #덮밥
#요리스타그램 #요리
#먹방스타그램
#시골살이 #고창살이"
히사시부리,https://www.instagram.com/explore/locations/106714424833174/,hisasibooori,6일 전,2021-08-17T03:20:48.000Z,2021년 8월 17일,"계란볶음밥 업데이트

#노원맛집 #상계맛집 #일식맛집 #돈부리 #돈부리맛집 #맛집스타그램 #일식스타그램 #가츠동 #갈릭가츠동 #치즈가츠동 #김치가츠동 #김치치즈가츠동 #가라아게동 #돈가츠 #생선가츠 #모듬가츠 #카레 #치킨카레 #돈가츠카레 #계란볶음밥 #김치볶음밥 #김치치즈볶음밥 #온센타마고 #좋아요 #먹팔 #먹팔맞팔 #먹스타그램"
판교 유스페이스,https://www.instagram.com/explore/locations/19309329/,pangyo_bigfish,7일 전,2021-08-17T01:25:41.000Z,2021년 8월 17일,#빅피쉬 #판교맛집 #유스페이스맛집 #이자카야 #분당맛집 #성남맛집 #덮밥 #돈부리 #판교테크노밸리맛집 #jmt #존맛탱 #숙성회 #배라 #쿠팡이츠 #포장 #배달맛집 #사시미 #광어 #연어 #사케 #참치 #도미 #우니 #오늘뭐먹지 #점심뭐먹지 #열빙어 #낮술원정대
판교 유스페이스,https://www.instagram.com/explore/locations/19309329/,therockbowler,7일 전,2021-08-17T01:25:37.000Z,2021년 8월 17일,#빅피쉬 #판교맛집 #유스페이스맛집 #이자카야 #분당맛집 #성남맛집 #덮밥 #돈부리 #판교테크노밸리맛집 #jmt #존맛탱 #숙성회 #배라 #쿠팡이츠 #포장 #배달맛집 #사시미 #광어 #연어 #사케 #참치 #도미 #우니 #오늘뭐먹지 #점심뭐먹지 #열빙어 #낮술원정대
,,kore._.mj,7일 전,2021-08-17T01:19:19.000Z,2021년 8월 17일,"⠀
8월 연휴 및 휴가철도 끝나가고 아침 저녁 하늘은 뭉게 뭉게 가을 하늘이 되어 가네요 :-)
선선한 고레카레 문정역점 오늘도 활~짝 열려 있습니다 ♡
⠀
#고레카레 #고레카레문정역점 #카레 #카레라이스 #코코넛크림카레 #어묵우동 #냉우동 #냉모밀 #돈부리 #무료리필 #점심 #문정역 #테라타워2 #문정맛집 #잠실맛집 #송파맛집 #송파카레 #먹스타그램 #맛집스타그램 #카레그램 #카레맛집 #맛집추천 #daily #일상 #맞팔 #선팔환영 #배달 #좋반"
,,kakurega_donburi,7일 전,2021-08-17T00:58:31.000Z,2021년 8월 17일,"연휴가 끝나 속이 허 하시다구요?
그럴땐 저희의 신메뉴
치킨 테리동으로 꽉 채워보는건 어떨까요? 😍
탱탱한 닭고기 식감과 부드러운 오믈렛에 두번 놀라실 그 맛!
오늘도 정성껏 준비할게요 ❤️

#카쿠레가 #무실동 #무실동맛집 #원주 #원주맛집 #강원도 #강원도맛집 #맛집 #돈부리 #돈부리맛집 #사케동 #사케동맛집 #일식 #일식맛집 #일본가정식 #텐동 #텐동맛집 #자루소바 #자루소바맛집 #소바 #소바맛집"
성신여대입구역,https://www.instagram.com/explore/locations/250957761/,kim.jin,7일 전,2021-08-16T21:45:25.000Z,2021년 8월 17일,"#돈부리 #가츠동 #대학가
밥이랑 소스 추가 free
#서울 #얼마안남았다"
,,shiningskin.shin,7일 전,2021-08-16T16:12:05.000Z,2021년 8월 17일,"오늘 점심은 어제 저녁에 사온 꽁치덮밥을 위에 내용물을 곤약면 베이스로 깔고 먹었다. 존맛땡!😋밥은 아들 점심으로 사용했다.ㅎㅎ

.........
#꽁치#카바야키#돈부리#매운음식#spicyf#ksbayaki#saurykabayaki#handmade#spicy#운동하는맘#homemade#다이어트#유지어터#건강한몸만들기#40대중반#mixenuts#fasting#oneplatemeal#taipei
#daily#집밥 #smoothie #protein#견과류#모카#소이라떼"
"Daegu, South Korea",https://www.instagram.com/explore/locations/102159636493202/daegu-south-korea/,hwajeon_donburi,7일 전,2021-08-16T13:45:30.000Z,2021년 8월 16일,"핫한창업 코로나시대 함께 상생하는 창업
차곡차곡 단계를 밟아가는 화전돈부리
전국 곳곳에서 미슐랭 화전돈부리를
드실 수 있게되어 매우 기뻐요
오픈 매장과 오픈예정인 매장 축하드려요
ㆍ
#돈부리#화전돈부리#대구맛집#볶음김치규동#덮밥#덮밥맛집#배달의민족#배민#점심스타그램#좋반#먹스타그램#존맛#샵인샵#창업#수성구맛집#상인동맛집#미슐랭#돈부리맛집#배달
#코로나창업#팔로우"
범어동,https://www.instagram.com/explore/locations/238817233/,hwajeon_donburi,7일 전,2021-08-16T13:37:07.000Z,2021년 8월 16일,"차곡차곡 단계를 밟아가는 화전돈부리
전국 곳곳에서 미슐랭 화전돈부리를
드실 수 있게되어 매우 기뻐요
오픈 매장과 오픈예정인 매장 축하드려요
ㆍ
#돈부리#화전돈부리#대구맛집#볶음김치규동#덮밥#덮밥맛집#배달의민족#배민#점심스타그램#좋반#먹스타그램#존맛#샵인샵#창업#수성구맛집#상인동맛집#미슐랭#돈부리맛집#코로나창업#팔로우"
,,sing5004,7일 전,2021-08-16T09:17:07.000Z,2021년 8월 16일,"요즘 나의 최애 점심은 포크카레4단계 토핑 소세지~~~~~
왜케맛있지????? ㅋㅋ

#카레방앗간#호평동맛집#평내호평맛집 #일본식정통카레 #체인점아님#카레맛집#돈부리#우동#냉모밀맛집 #직접카레부터토핑까지만들어요#무조미료#무설탕#카레는건강과사랑입니다"
,,mango.sekki,7일 전,2021-08-16T09:02:50.000Z,2021년 8월 16일,"210816 참치마요덮밥

✔️준비물: 맛술1t, 진간장 2t, 양파 1/2, 후추 톡톡, 계란 2개, 참치캔, 마요네즈 2t, 김가루, 불닭소스

1. 양파를 볶다가 갈색빛이 돌면 맛술과 진간장을 넣어 숨 죽을 때 까지 볶아 준 뒤 후추 톡톡
2. 계란은 스크램블로 볶아준다
3. 참치는 기름을 빼준 뒤 마요네즈 2스푼을 넣어 섞어준다
4. 밥 위에 모두 올려준 뒤 마요와 불닭소스 데코와 김가루 살짝 올려주면 완성!"
,,thefuncity_burn,7일 전,2021-08-16T08:55:44.000Z,2021년 8월 16일,"2015년 펀시티 멤버들과 합정에 자리 잡으면서 이곳에 정붙이는데 큰역할을 해준 #우미카제 #아카라멘 #돈부리

한때 매일 출근도장 찍듯 가서 라멘이나 돈부리를 먹었는데 일을 하게되면서 한동안 시간이 맞지 않아 갈 수가 없었다.

오늘 간만에 휴일이라 ‘저녁먹으러 가야지’하고 들렸는데 사장님이 너무 반갑게 맞이해주시고 한동안 못봐서 걱정하셨다는 말씀을 해주셔서 너무 감사했던것도 잠시…

가게를 내놓으시고 이제 고향으로 내려가신다는 이야기를 듣고는 여러가지 생각이들었다.

예전 작업실에 물이 많이 샐때 좋은 말씀도 해주시고 항상 무뚝뚝해 보이시지만 음식안에는 애정이 가득함을 느끼게 해주셨는데 아쉽다.
떠나시기전에 갈수있는 기회가 있으면 더 가야겠다

평소에 음식사진이나 긴글쓰는걸 별로 좋아하지 않지만
#오늘은그렇다"
논산 오거리,https://www.instagram.com/explore/locations/315836554/,yoap__official,7일 전,2021-08-16T07:10:13.000Z,2021년 8월 16일,"#YOAP

임시공휴일인 8/16 오늘도
요앞은 열려있습니다!
런치때 소진되었던 메뉴들도
브레이크때 열심히 준비하여
제공드릴수 있도록 하겠습니다!
오늘도 HAPPY YOAP DAY❤️

#요앞"
살구식당,https://www.instagram.com/explore/locations/105057954540023/,salgu_nomiya,7일 전,2021-08-16T03:43:21.000Z,2021년 8월 16일,"#살구식당
#오사카반찬가게살구네

오늘은 원래 런치 쉬는 월욜이지만
휴일이라 잠깐 오픈합니다 :)
(그대신 저녁에 쉬어요 🥲)
13:30 부터 17:00 정도까지
열어둘께요 ~~

#일본가정식
#돈부리 #덮밥맛집
#일본식반찬 #반찬맛집
#반찬가게 #도시락배달
#이자카야

#합정맛집#홍대맛집
#상수술집 #상수맛집
#맛스타그램 #먹스타그램
#술스타그램 #안주스타그램
#혼밥 #혼술러 #혼밥러 #혼술

#배달맛집 #상수배달 #합정배달
#ソウル在住
#在韓日本人"
익선동 돈부리파스타,https://www.instagram.com/explore/locations/113334880527282/,sssseong_92,7일 전,2021-08-16T03:29:20.000Z,2021년 8월 16일,🦦
카쿠레가_かくれが,https://www.instagram.com/explore/locations/544583015989563/_/,kakurega_donburi,8월 16일,2021-08-16T01:02:40.000Z,2021년 8월 16일,"스윗한 연휴의 마지막이예요!
오늘도 저희와 함께 연휴를 마무리 짓는게 어떤지요 😊
오늘의 추천 메뉴는 부타동입니당!
통삼겹의 식감을 느껴보세요 ❤️
오늘도 열심히 준비할게요 🤙🏼

#카쿠레가 #무실동 #무실동맛집 #원주 #원주맛집 #강원도 #강원도맛집 #맛집 #돈부리 #돈부리맛집 #사케동 #사케동맛집 #일식 #일식맛집 #일본가정식 #텐동 #텐동맛집 #자루소바 #자루소바맛집 #소바 #소바맛집"
,,skywalker_khs,8월 15일,2021-08-15T13:50:38.000Z,2021년 8월 15일,"#장충동 #동대입구 #일식 #덮밥 #돈부리

동대문역사문화공원역, 충무로역, 장충동 등등 일대에서 돈부리집을 찾다 찾다 발견한 #팔팔식당

#돈카츠에비카레 , #아부리사케동 #치킨가라아게 를 주문했다. 카레가 생각보단 좀 더 매콤한 편이어서 놀랐는데 전체적으로 기대 이상의 맛이어서 좋았다. 다만 치킨 가라아게 그릇에 깔려 있던 소스가 좀 짜서 소스를 따로 주시면 더 좋았을 것 같단 생각은 들었다.

점심엔 근처 직장인들로 꽉 찰 것 같다."
,,lift.heavy.eat.a.lot,3월 17일,2021-03-17T10:35:44.000Z,2021년 3월 17일,"탐광 더현대서울

뉴에비에비카츠동

계란 밑에 카츠도 있는줄 몰랐다;
하지만 고기덕에게 고기는 다다익선.
밥그릇이 작아서 양이 적게 느껴지긴 하지만 충분히 가득 담겨있다(이것이 돈부리의 최근 트렌드인가. 광화문라면의 가라아게 덮밥도 이런 st였는데).
에비카츠가 바삭하니 밥과 어울린다.
계란이 밥 위 전체를 덮고 있는 것이 특징이라면 특징인데 다른 돈부리와 아주아주 큰 차이가 있진 않다.
돈 한번 에비 한번 계란과 밥을 함께 먹으면 맛나다.
다만 공기가 작아서 그런지 밥이 소스에 흥건해진다. 돈부리의 소스를 분리할 수는 없지만 찍먹파로서 밥과 소스는 어느 정도 분리돼야..
성수동에 있는 본점을 가보고싶다."
,,kil_chef,8월 15일,2021-08-15T10:17:33.000Z,2021년 8월 15일,"부타동

#부타동 #일본식 #돈부리 #가족 #저녁식사 #요리 #요리하는남자 #요리스타그램"
,,jj______d,8월 15일,2021-08-15T10:10:57.000Z,2021년 8월 15일,".
#일요일 #디너 #👨🏻‍🍳

#애비표 불맛 가득 #부타동
#돈부리 에는 #미소시루

잘 들 먹기는 하는데…
다 만들고 보니, 왜 난 하필 광복절에..🤦🏻‍♂️

휴..음식은 죄가 없으니..👉🏻👈🏻

일단 #많이먹어 #😘
."
,,bee_ruya,8월 15일,2021-08-15T06:56:54.000Z,2021년 8월 15일,"준비한 재료가 모두 소진되어 영업 마감합니다!!!
날씨가 좋아서 그런지 오늘따라
엄청 많이들 방문해주셨네용 ❤️❤️
오래 대기해주신 분들도
너그럽게 이해해 주셔서 감사드립니다😢!!
내일은(월) 비루야 정기 휴무입니다^^"
,,sushiizzibang_changdong,8월 15일,2021-08-15T05:39:10.000Z,2021년 8월 15일,#스시이찌방 #스시이찌방창동 #스시이찌방창동점 #도봉구초밥 #도봉구스시 #창동초밥 #창동스시 #균일가 #배달의민족 #도봉구맛집 #도봉구초밥맛집 #창동맛집 #창동초밥맛집 #방학맛집 #방학초밥맛집 #쌍문초밥 #쌍문맛집 #세트초밥 #판초밥 #나만의세트메뉴 #스시 #사시미 #돈부리 #구이 #튀김 #탕 #우동 #안주 #디저트
살구식당,https://www.instagram.com/explore/locations/105057954540023/,salgu_nomiya,8월 15일,2021-08-15T04:14:26.000Z,2021년 8월 15일,"#살구식당
#오사카반찬가게살구네

가족 다 모여먹는 식사도 좋지만
우동먹으러 가는 부녀를 배웅하고
혼자먹는 점심의 여유란 😌💓

오늘은 조금 일찍열었다가 (2-3시??)
8시즈음 조금 일찍 닫을께요!
이번주 일요일은 온가족 출동날 🚙
조금 정신없을수도 있으니
양해 부탁드려요 🥲
정확한 오픈시간은
방문전 가게로 문의부탁드려요!
(저도 몰라서요🤣🤣🤣)

#일본가정식
#돈부리 #덮밥맛집
#일본식반찬 #반찬맛집
#반찬가게 #도시락배달
#이자카야

#합정맛집#홍대맛집
#상수술집 #상수맛집
#맛스타그램 #먹스타그램
#술스타그램 #안주스타그램
#혼밥 #혼술러 #혼밥러 #혼술

#배달맛집 #상수배달 #합정배달
#ソウル在住
#在韓日本人"
,,_007bbangya,8월 15일,2021-08-15T03:07:57.000Z,2021년 8월 15일,"위례신도시 근처 왔다가 돈깨스 먹으러
왔는데 맛있네요!!

#하루엔소쿠위례와이즈더샵점
#위례맛집
#돈카츠 #돈부리 #모밀 #나베 #우동 #라멘 #돈카츠카레"
donburi,https://www.instagram.com/explore/locations/168868252/donburi/,eatwithgracee,8월 15일,2021-08-15T02:41:38.000Z,2021년 8월 15일,"Donburi Moriwase & Karaagedon
•
with gracee
•
#donburi #dc #dceats #dmv #dmveats #japanese #eel #salmon #ebi #karaage #friedchicken #moriwase #karaagedon #tasty #delicious #yummy #foodlover #foodie #foodblogger
#돈부리 #닭튀김 #새우튀김 #연어 #장어
#일본식요리 #가라게 #돈까스 #맛스타그램 #먹방 #먹방스타그램"
신촌 자이엘라,https://www.instagram.com/explore/locations/199638643862290/,2021jin715,8월 15일,2021-08-15T00:34:34.000Z,2021년 8월 15일,#진돈부리 #이대 #신촌 #사케동 #규동 #돈부리 포장공지올립니다
카쿠레가_かくれが,https://www.instagram.com/explore/locations/544583015989563/_/,kakurega_donburi,8월 15일,2021-08-14T22:47:28.000Z,2021년 8월 15일,"벌써 여름이 지나고 있는거 같아요!
슬슬 텐동의 계절이 오고 있어요!
물론 튀김요리는 언제 먹어도 맛있지만요 ❤️
바삭바삭 텐동 드시러 오세용 👍

#카쿠레가 #무실동 #무실동맛집 #원주 #원주맛집 #강원도 #강원도맛집 #맛집 #돈부리 #돈부리맛집 #사케동 #사케동맛집 #일식 #일식맛집 #일본가정식 #텐동 #텐동맛집 #자루소바 #자루소바맛집 #소바 #소바맛집"
,,dmddjf,8월 14일,2021-08-14T13:11:27.000Z,2021년 8월 14일,"아비꼬.
.
#아비꼬 #돈부리 #카레 #먹방 #먹방스타그램 #먹스타그램 #데이트 #일상 #일상스타그램"
"Sydney, Australia",https://www.instagram.com/explore/locations/213011753/sydney-australia/,hamisor88,8월 14일,2021-08-14T12:54:58.000Z,2021년 8월 14일,Bluefin tuna feast continues #tekkadon #tekkadonburi #chutoro #bluefintuna #bluefin #grilltunabelly #torchtuna #鉄火丼 #日本料理 #sashimi #藍鰭金槍魚 #鮪魚 #鮪 #homecooking #일식 #참치요리 #참치비빔밥 #돈부리 #참치뱃살 #구운참치 #참치덮밥
,,rod_feel,8월 14일,2021-08-14T12:16:03.000Z,2021년 8월 14일,"#일상기록

먹고싶으면 만들면 되고..
재료가 없으면 있는걸로 대충 넣고

맛만 좋군!!

#덮밥 정체불명 ㅋㅋㅋ"
,,bee_ruya,8월 14일,2021-08-14T10:01:24.000Z,2021년 8월 14일,"🤓
저녁 6시 이후에는 2인까지 가능합니다!
동거가족의 경우 등본 지참하셔야 가능합니다ㅠㅠ
참고 부탁드려요 😢
비루야 금일 영업은 종료되었습니다!
오늘도 찾아주셔서 감사드립니다❤️"
,,sunshinejinsoo,8월 14일,2021-08-14T06:18:30.000Z,2021년 8월 14일,#종로 #돈부리 #존맛탱 #식도락남 #종로공실 #코로나극복 #힘내라대한민국 #돈까스맛집 #남자는장어 #남자는하늘
,,jsy3461,8월 14일,2021-08-14T05:07:47.000Z,2021년 8월 14일,"오늘의 점심

새우장덮밥!

날치알과 간장새우의 조화

담에는 돈부리 먹어봐야지

#분당 #나지미돈부리 #돈부리 #분당맛집 #맛집 #일식 #점심 #외식 #덮밥 #새우장 #새우장덮밥 #새우 #간장세우 #날치알 #먹방스타그램 #먹스타그램 #먹방 #먹스타 #배부름 #한그릇 #한정메뉴 #한정"
,,kakurega_donburi,8월 14일,2021-08-14T04:03:58.000Z,2021년 8월 14일,"나들이하기에 최고의 날씨 ❤️
그 나들이에 맛있는 음식을 빼놓을수 없겠죠? 😊
저희가 기다리고 있어요 🤩
오늘도 정성껏 준비할게요 🙌

#카쿠레가 #무실동 #무실동맛집 #원주 #원주맛집 #강원도 #강원도맛집 #맛집 #돈부리 #돈부리맛집 #사케동 #사케동맛집 #일식 #일식맛집 #일본가정식 #텐동 #텐동맛집 #자루소바 #자루소바맛집 #소바 #소바맛집"
그냥 호평동,https://www.instagram.com/explore/locations/216044225130710/,bohwa2580,8월 14일,2021-08-14T03:46:57.000Z,2021년 8월 14일,#교토카츠 #가츠동 #돈부리
안산본오동,https://www.instagram.com/explore/locations/643465427/,mendo_myozyo,8월 14일,2021-08-14T03:46:37.000Z,2021년 8월 14일,"날씨도 좋고 ,
육수도 좋고 ,
그렇다구요 : )
오늘 하루도 열심히 달려봅니다!!!"
,,toomba2009,8월 14일,2021-08-14T03:26:55.000Z,2021년 8월 14일,"카츠동
.
.
한결 시원해진 날씨에
보글보글 자작하게 끓인돈까스를
밥위에 샤르르~~"
Gangneung,https://www.instagram.com/explore/locations/223123193/gangneung/,chodangmaka,8월 14일,2021-08-14T02:23:38.000Z,2021년 8월 14일,"_

초당마카입니다^^ 오늘은 비가 내리네요. 초당동이 더욱 운치있어 졌네요(비온다고 부정적일거 뭐 있나요~^^)

마카는 오늘도 매장내 식사, 배달, 포장으로 찾아 뵐 준비를 마쳤습니다🤗 주말 늦은점심 또는 이른저녁 하시는 분들 많으시져?! 마카에서 마카모예~!~~!!

#초당동맛집#강릉일식"
Nonsan,https://www.instagram.com/explore/locations/298980452/nonsan/,yoap__official,8월 14일,2021-08-14T02:15:36.000Z,2021년 8월 14일,"#YOAP
8월 14일(토)
11:00-22:00 정상운영합니다;)
(Break time 15:00-17:30 / last order 14:30, 21:00)

오늘도 요앞에서 만나요🙌🏻

#요앞"
,,whdmstj9292,8월 14일,2021-08-14T01:42:29.000Z,2021년 8월 14일,"21년7월9일
쉅하고 점심시간에 돈부리 해먹기
이건 내솜씨 훗😏
누가 나보고 요알못이라고 했냐 😒

#돈부리 #나요알못아님 #ㅋㅋㅋㅋㅋ"
멘야미코,https://www.instagram.com/explore/locations/114560029907006/,chef.shindongmin,8월 14일,2021-08-14T00:11:49.000Z,2021년 8월 14일,".
멘야미코 X 승우아빠
.
당옥에 이어
멘야미코에서
승우아빠와 함께하는
일일 현장체험
.
유익한 정보
많이 공유할게요^^
.
#멘야미코 #당옥 #승우아빠 #셰프
#일일현장체험 #소바 #우동 #디저트
#돈부리 #DIAS"
,,basasdoli,8월 14일,2021-08-13T22:06:37.000Z,2021년 8월 14일,"계란 한개 차이가
이리도 큰가...

어제보다 돈가스가 많아서
3개에서 4개로 늘렸을 뿐인데
때깔이 너무 다른데?

#돈가스
#가츠동
#카츠동
#돈부리

#豚カツ
#とんかつ
#カツ丼
#どんぶり
#丼

#Tonkatsu
#PorkCutlet"
,,ire.k74,8월 13일,2021-08-13T14:49:44.000Z,2021년 8월 13일,"어떻게 이런 맛을 내지ㅋㅋㅋ
미쳤다ㅠㅠㅠ

#돈부리
#청담동맛집"
,,bukgujahwal,8월 13일,2021-08-13T12:37:35.000Z,2021년 8월 13일,"뚝딱뚝딱⚒
북구지역자활센터에서 정말 맛있는 돈까스전문점 ""하루엔소쿠""를 오픈했어요🎊

아직 오픈초기라 부족한점도 많지만 열심히 정성껏 준비하였으니 많이 찾아주세요😄

#북구지역자활센터 #만덕동 #하루엔소쿠만덕점 #돈까스전문점 #돈까스 #돈부리 #나베 #맛집 #하루엔소쿠🌸"
안산본오동,https://www.instagram.com/explore/locations/643465427/,mendo_myozyo,8월 13일,2021-08-13T11:37:59.000Z,2021년 8월 13일,"새벽2시30분 끝날예정
(하하하하하하하하하하하)"
일산 화정동,https://www.instagram.com/explore/locations/425952186/,abiko_curry_hwajung,8월 13일,2021-08-13T09:52:13.000Z,2021년 8월 13일,"불금 잘 보내고 계신가요 !
전 퇴근하고 밥 먹고 쉬고 있어요 흐흐
비프세트 카레에 소세지 추가 한건데 넘 맛있어 보이지 않나요 ..
만들고 넘 뿌듯해서 빨리 찍어봤어요 🏅
오늘 배달이 많아서 배민이 좀 밀렸는데
기다리게 해드렸다면 죄송합니다 🙏🏻
문제 없도록 더욱 더 노력하는 아비꼬 되겠습니다 ! 🙆🏻‍♀️
그럼 불금 잘 즐기세요 🤍"
논산 오거리,https://www.instagram.com/explore/locations/315836554/,yoap__official,8월 13일,2021-08-13T08:50:48.000Z,2021년 8월 13일,"#YOAP

벌써 무더운 8월도 중간쯤 왔네요!
8,9월 이달의 파스타는 무려 4시간 가량 정성스럽게 끓인
라구 파스타입니다🍝
(매달 바뀌는 파스타를 아쉬워 하시는 분들이 계셔서 8월부터는 2개월에 한번씩 파스타 변경 예정입니다)

시원한 생맥주,전통주와 곁들여
참 좋은 메뉴랍니다🙃

오늘도 요앞에서 만나요🙌🏻

#요앞"
송리단길,https://www.instagram.com/explore/locations/2098485913714307/,muk_nyum,8월 13일,2021-08-13T08:34:36.000Z,2021년 8월 13일,"송리단길 유명한 파스타집 #돈부리파스타 🍝

웨이팅이 있을 만큼 사람이 많은곳인데 운좋게도 방문한 시간에 사람이 많이 없어 웨이팅 없이 편하게 먹고왔어요🥰

이름대로 파스타와 돈부리 모두 먹을수있는 곳이라 매콤스테이크크림파스타랑 수비드항정부타동 하나씩 시켰어요! 파스타에 스테이크도 너무 부드럽고 특히 크림이 갈릭향 나면서 너무 맛있어요😭💓 항정부타동은 느끼한 맛이 느껴질때 매운 소스가 느끼함을 잘 잡아줘서 넘 맛있게 먹었답니다!!
다만 레몬에이드는 청이 너무 많은건가 원하던 상큼시원함이 아니였어요ㅠ 그래도 메인이 넘 맛있어서 담에 꼭 또 방문하고 싶어요❤️

🍴매콤 스테이크 크림 파스타 (₩17500)
수비드 항정 부타동 (₩15000)
📍서울 송파구 백제고분로45길 15


#잠실 #잠실맛집 #송리단길 #송리단길맛집 #송파나루 #송파나루역맛집 #송파구맛집 #파스타 #파스타맛집 #돈부리 #스테이크 #서울맛집 #맛집 #먹스타그램 #맛스타그램 #먹팔 #food #foodporn #foodie #life #love #일상 #좋반"
,,lee_s.g_choce,8월 13일,2021-08-13T06:59:13.000Z,2021년 8월 13일,"포천 일본가정식 토라~☆☆☆☆
스키야끼~강추👍👍👍
#토라 #일식당 #포천 #크림우동 #연어덮밥맛집 #모밀 #돈부리 #맛집그램 #맛집 #맛집투어 #맛점 #점심 #일상 #먹방스타그램 #먹방로드 #food #foodstagram #eat #potozone #일식"
,,bbunyvicky,8월 13일,2021-08-13T05:41:07.000Z,2021년 8월 13일,"#어제 #집 #배달 #멘야다이고미
갑자리 라멘이 땡겨서 시켜봤는데 이꼬가 넘 좋아함~~
……………….

#육아 #육아스타그램 #아들 #아들맘 #맘스타그램 #일상 #청양띠 #내새끼 #귀요미 #도치맘 #이쁘다 #유치원 #원격수업 #맛스타그램 #먹스타그램 #라멘 #야끼교자 #돈부리 #배달의민족 #난매운돈육수이꼬는그냥돈육수 #라멘도맛있는데차슈는왜또일케맛난건지 #차슈크기가꽤커서잘라줄까하다가귀찮아서그냥줬는데너무잘먹는이꼬 #막짤은원격수업중인이꼬"
,,sialalswl,8월 13일,2021-08-13T05:27:03.000Z,2021년 8월 13일,"돈부리☺️
돈까스 덮밥~~"
판교 유스페이스,https://www.instagram.com/explore/locations/19309329/,pangyo_bigfish,8월 13일,2021-08-13T05:06:41.000Z,2021년 8월 13일,#빅피쉬 #판교맛집 #유스페이스맛집 #이자카야 #분당맛집 #성남맛집 #덮밥 #돈부리 #판교테크노밸리맛집 #jmt #존맛탱 #숙성회 #배라 #쿠팡이츠 #포장 #배달맛집 #사시미 #광어 #연어 #사케 #참치 #도미 #우니 #오늘뭐먹지 #점심뭐먹지 #낮술 #낮술원정대
판교 유스페이스,https://www.instagram.com/explore/locations/19309329/,therockbowler,8월 13일,2021-08-13T05:06:37.000Z,2021년 8월 13일,#빅피쉬 #판교맛집 #유스페이스맛집 #이자카야 #분당맛집 #성남맛집 #덮밥 #돈부리 #판교테크노밸리맛집 #jmt #존맛탱 #숙성회 #배라 #쿠팡이츠 #포장 #배달맛집 #사시미 #광어 #연어 #사케 #참치 #도미 #우니 #오늘뭐먹지 #점심뭐먹지 #낮술 #낮술원정대
판교 유스페이스,https://www.instagram.com/explore/locations/19309329/,pangyo_bigfish,8월 13일,2021-08-13T05:02:36.000Z,2021년 8월 13일,#빅피쉬 #판교맛집 #유스페이스맛집 #이자카야 #분당맛집 #성남맛집 #덮밥 #돈부리 #판교테크노밸리맛집 #jmt #존맛탱 #숙성회 #배라 #쿠팡이츠 #포장 #배달맛집 #사시미 #광어 #연어 #사케 #참치 #도미 #우니 #오늘뭐먹지 #점심뭐먹지 #낮술원정대 #맞술하니까얼마나좋아요 #카이센동
판교 유스페이스,https://www.instagram.com/explore/locations/19309329/,therockbowler,8월 13일,2021-08-13T05:02:32.000Z,2021년 8월 13일,#빅피쉬 #판교맛집 #유스페이스맛집 #이자카야 #분당맛집 #성남맛집 #덮밥 #돈부리 #판교테크노밸리맛집 #jmt #존맛탱 #숙성회 #배라 #쿠팡이츠 #포장 #배달맛집 #사시미 #광어 #연어 #사케 #참치 #도미 #우니 #오늘뭐먹지 #점심뭐먹지 #낮술원정대 #맞술하니까얼마나좋아요 #카이센동
카쿠레가_かくれが,https://www.instagram.com/explore/locations/544583015989563/_/,kakurega_donburi,8월 13일,2021-08-13T02:23:45.000Z,2021년 8월 13일,"주말의 시작을 어디에서?
외쳐 갓쿠레가 ❤️
오늘 활기차게 행복하게 즐겁게
여러분들을 맞이할게요 😍
이따 만나요 모두 ☺️

#카쿠레가 #무실동 #무실동맛집 #원주 #원주맛집 #강원도 #강원도맛집 #맛집 #돈부리 #돈부리맛집 #사케동 #사케동맛집 #일식 #일식맛집 #일본가정식 #텐동 #텐동맛집 #자루소바 #자루소바맛집 #소바 #소바맛집"
,,haru_ensoku_,8월 13일,2021-08-13T02:02:24.000Z,2021년 8월 13일,"안녕하세요~ 하루엔소쿠입니다.

하루엔소쿠 위례와이즈더샵점 그랜드오픈

주소 : 서울시 송파구 위례광장로 270 와이즈더샵 115호
매장 번호 : 02-448-2417
영업시간 : 11:00~21:00
휴무 : 미정
주차 : 가능 (1시간 무료)

유명 연예인, 먹방 BJ들도 찾아와 먹는 곳! 맛집으로 입소문으로 유명해진 ""하루엔소쿠""

위례와이즈더샵점으로 놀 러 오 세 요 ♥"
,,kangzin_eden,8월 12일,2021-08-12T14:40:53.000Z,2021년 8월 12일,#생존신고 #하이짜쿵 #돈부리 #비빔목살쉐킷 #누가그를울렸는가 #개늠름 #코비대장 #치즈드루혼술 #사진은아이뻐 #누다똧을뽑았는가 #냥이저장소 #드루와치기혼술 #물냉이조타 #살찐미식가 #외근이좋아
,,shining_wony,8월 12일,2021-08-12T14:04:30.000Z,2021년 8월 12일,"홍대돈부리
규동(소고기덮밥)

#규동 #소고기덮밥 #홍대돈부리 #돈부리 #덮밥 #푸드 #푸드스타그램 #아이폰사진"
특별식당,https://www.instagram.com/explore/locations/1925340161045097/,teukbyul_sikdang,8월 12일,2021-08-12T13:37:21.000Z,2021년 8월 12일,"8월 여름휴가 일정 알려드립니다.
참고하셔서 헛걸음하시는 일 없으시길 바랄게요🙏🏽
8월 무더운 여름 날씨에도 찾아 주시는 모든 분들 다시 한번 더 감사해요!
또 만나요 우리🤙🏽"
